id,batch,route,control,expected,status,actual_source_sha,result,evidence,overlay_file,boundary
SV26-0014,01-library,/studio/survey,删除问卷→取消,取消无删除,NOT_STARTED,,No accepted execution result recorded,,,NORMAL
SV26-0015,01-library,/studio/survey,删除问卷→确认,仅删除本对象；列表刷新及关联访问拒绝,NOT_STARTED,,No accepted execution result recorded,,,NEEDS_ACTION_TIME_CONFIRMATION
SV26-0021,02-create,/studio/survey,AI 导入创建→下一步,禁用/可用状态正确；成功仅创建一个对象；取消不创建；pending不锁住其他创建方式,NOT_STARTED,,No accepted execution result recorded,,,NORMAL
SV26-0022,02-create,/studio/survey,从模板创建→选择内置→下一步,禁用/可用状态正确；成功仅创建一个对象；取消不创建；pending不锁住其他创建方式,NOT_STARTED,,No accepted execution result recorded,,,NORMAL
SV26-0023,02-create,/studio/survey,从模板创建→选择个人→下一步,禁用/可用状态正确；成功仅创建一个对象；取消不创建；pending不锁住其他创建方式,NOT_STARTED,,No accepted execution result recorded,,,NORMAL
SV26-0024,02-create,/studio/survey,模板加载pending→关闭重开AI,禁用/可用状态正确；成功仅创建一个对象；取消不创建；pending不锁住其他创建方式,NOT_STARTED,,No accepted execution result recorded,,,NORMAL
SV26-0025,02-create,/studio/survey,模板加载pending→切AI,禁用/可用状态正确；成功仅创建一个对象；取消不创建；pending不锁住其他创建方式,NOT_STARTED,,No accepted execution result recorded,,,NORMAL
SV26-0026,02-create,/studio/survey,模板加载pending→切空白,禁用/可用状态正确；成功仅创建一个对象；取消不创建；pending不锁住其他创建方式,NOT_STARTED,,No accepted execution result recorded,,,NORMAL
SV26-0027,02-create,/studio/survey,模板旧请求完成→新模板请求仍pending,禁用/可用状态正确；成功仅创建一个对象；取消不创建；pending不锁住其他创建方式,NOT_STARTED,,No accepted execution result recorded,,,NORMAL
SV26-0028,03-import,/studio/survey/new/import,返回列表,真实provider提案可校对；取消不应用；非法Markdown禁应用；合法应用创建后保存刷新一致,NOT_STARTED,,No accepted execution result recorded,,,NORMAL
SV26-0029,03-import,/studio/survey/new/import,问卷需求,真实provider提案可校对；取消不应用；非法Markdown禁应用；合法应用创建后保存刷新一致,NOT_STARTED,,No accepted execution result recorded,,,NORMAL
SV26-0030,03-import,/studio/survey/new/import,上传问卷文件：txt,真实provider提案可校对；取消不应用；非法Markdown禁应用；合法应用创建后保存刷新一致,NOT_STARTED,,No accepted execution result recorded,,,NORMAL
SV26-0031,03-import,/studio/survey/new/import,上传问卷文件：md,真实provider提案可校对；取消不应用；非法Markdown禁应用；合法应用创建后保存刷新一致,NOT_STARTED,,No accepted execution result recorded,,,NORMAL
SV26-0032,03-import,/studio/survey/new/import,上传问卷文件：pdf,真实provider提案可校对；取消不应用；非法Markdown禁应用；合法应用创建后保存刷新一致,NOT_STARTED,,No accepted execution result recorded,,,NORMAL
SV26-0033,03-import,/studio/survey/new/import,上传问卷文件：docx,真实provider提案可校对；取消不应用；非法Markdown禁应用；合法应用创建后保存刷新一致,NOT_STARTED,,No accepted execution result recorded,,,NORMAL
SV26-0034,03-import,/studio/survey/new/import,选择已保存录音,真实provider提案可校对；取消不应用；非法Markdown禁应用；合法应用创建后保存刷新一致,NOT_STARTED,,No accepted execution result recorded,,,NORMAL
SV26-0035,03-import,/studio/survey/new/import,选择录音条目,真实provider提案可校对；取消不应用；非法Markdown禁应用；合法应用创建后保存刷新一致,NOT_STARTED,,No accepted execution result recorded,,,NORMAL
SV26-0036,03-import,/studio/survey/new/import,开始录音链接,真实provider提案可校对；取消不应用；非法Markdown禁应用；合法应用创建后保存刷新一致,NOT_STARTED,,No accepted execution result recorded,,,NORMAL
SV26-0037,03-import,/studio/survey/new/import,生成问卷,真实provider提案可校对；取消不应用；非法Markdown禁应用；合法应用创建后保存刷新一致,NOT_STARTED,,No accepted execution result recorded,,,NORMAL
SV26-0038,03-import,/studio/survey/new/import,取消生成,真实provider提案可校对；取消不应用；非法Markdown禁应用；合法应用创建后保存刷新一致,NOT_STARTED,,No accepted execution result recorded,,,NORMAL
SV26-0039,03-import,/studio/survey/new/import,AI 提案 Markdown：编辑合法,真实provider提案可校对；取消不应用；非法Markdown禁应用；合法应用创建后保存刷新一致,NOT_STARTED,,No accepted execution result recorded,,,NORMAL
SV26-0040,03-import,/studio/survey/new/import,AI 提案 Markdown：编辑非法,真实provider提案可校对；取消不应用；非法Markdown禁应用；合法应用创建后保存刷新一致,NOT_STARTED,,No accepted execution result recorded,,,NORMAL
SV26-0041,03-import,/studio/survey/new/import,返回输入,真实provider提案可校对；取消不应用；非法Markdown禁应用；合法应用创建后保存刷新一致,NOT_STARTED,,No accepted execution result recorded,,,NORMAL
SV26-0042,03-import,/studio/survey/new/import,应用到问卷,真实provider提案可校对；取消不应用；非法Markdown禁应用；合法应用创建后保存刷新一致,NOT_STARTED,,No accepted execution result recorded,,,NORMAL
SV26-0044,04-workspace,/studio/survey/{surveyId}/design,返回列表：dirty→取消,导航与保存状态正确；失败保留输入；成功必须刷新读取持久化；题目锁定按实际状态,NOT_STARTED,,No accepted execution result recorded,,,NORMAL
SV26-0045,04-workspace,/studio/survey/{surveyId}/design,返回列表：dirty→确认,导航与保存状态正确；失败保留输入；成功必须刷新读取持久化；题目锁定按实际状态,NOT_STARTED,,No accepted execution result recorded,,,NORMAL
SV26-0048,04-workspace,/studio/survey/{surveyId}/design,保存为问卷模板,导航与保存状态正确；失败保留输入；成功必须刷新读取持久化；题目锁定按实际状态,NOT_STARTED,,No accepted execution result recorded,,,NORMAL
SV26-0050,04-workspace,/studio/survey/{surveyId}/design,分析报告（可选）,导航与保存状态正确；失败保留输入；成功必须刷新读取持久化；题目锁定按实际状态,NOT_STARTED,,No accepted execution result recorded,,,NORMAL
SV26-0052,04-workspace,/studio/survey/{surveyId}/design,刷新：dirty→取消,导航与保存状态正确；失败保留输入；成功必须刷新读取持久化；题目锁定按实际状态,NOT_STARTED,,No accepted execution result recorded,,,NORMAL
SV26-0053,04-workspace,/studio/survey/{surveyId}/design,刷新：dirty→确认,导航与保存状态正确；失败保留输入；成功必须刷新读取持久化；题目锁定按实际状态,NOT_STARTED,,No accepted execution result recorded,,,NORMAL
SV26-0054,04-workspace,/studio/survey/{surveyId}/design,发布回收,导航与保存状态正确；失败保留输入；成功必须刷新读取持久化；题目锁定按实际状态,NOT_STARTED,,No accepted execution result recorded,,,NORMAL
SV26-0055,04-workspace,/studio/survey/{surveyId}/design,1. 设计问卷,导航与保存状态正确；失败保留输入；成功必须刷新读取持久化；题目锁定按实际状态,NOT_STARTED,,No accepted execution result recorded,,,NORMAL
SV26-0057,04-workspace,/studio/survey/{surveyId}/design,3. 查看答卷,导航与保存状态正确；失败保留输入；成功必须刷新读取持久化；题目锁定按实际状态,NOT_STARTED,,No accepted execution result recorded,,,NORMAL
SV26-0058,04-workspace,/studio/survey/{surveyId}/publish,保存修改,动作仅影响当前对象；冲突不可静默覆盖；草稿复制生成独立身份且无旧答卷,NOT_STARTED,,No accepted execution result recorded,,,NORMAL
SV26-0059,04-workspace,/studio/survey/{surveyId}/publish,返回编辑,动作仅影响当前对象；冲突不可静默覆盖；草稿复制生成独立身份且无旧答卷,NOT_STARTED,,No accepted execution result recorded,,,NORMAL
SV26-0060,04-workspace,/studio/survey/{surveyId}/publish,复制为新草稿,动作仅影响当前对象；冲突不可静默覆盖；草稿复制生成独立身份且无旧答卷,NOT_STARTED,,No accepted execution result recorded,,,NORMAL
SV26-0061,04-workspace,/studio/survey/{surveyId}/publish,复制弹窗取消,动作仅影响当前对象；冲突不可静默覆盖；草稿复制生成独立身份且无旧答卷,NOT_STARTED,,No accepted execution result recorded,,,NORMAL
SV26-0062,04-workspace,/studio/survey/{surveyId}/publish,确认创建新草稿,动作仅影响当前对象；冲突不可静默覆盖；草稿复制生成独立身份且无旧答卷,NOT_STARTED,,No accepted execution result recorded,,,NORMAL
SV26-0063,04-workspace,/studio/survey/{surveyId}/publish,系统错误重试发布,动作仅影响当前对象；冲突不可静默覆盖；草稿复制生成独立身份且无旧答卷,NOT_STARTED,,No accepted execution result recorded,,,NORMAL
SV26-0064,04-workspace,/studio/survey/{surveyId}/publish,版本冲突：加载远端,动作仅影响当前对象；冲突不可静默覆盖；草稿复制生成独立身份且无旧答卷,NOT_STARTED,,No accepted execution result recorded,,,NORMAL
SV26-0065,04-workspace,/studio/survey/{surveyId}/publish,版本冲突：保留本地,动作仅影响当前对象；冲突不可静默覆盖；草稿复制生成独立身份且无旧答卷,NOT_STARTED,,No accepted execution result recorded,,,NORMAL
SV26-0067,05-design-check,/studio/survey/{surveyId}/design,空选项自动错误,无需手动检查；具体诊断正确；定位对应非首题；未保存修改即时更新；服务端独立拒绝无效发布,NOT_STARTED,,No accepted execution result recorded,,,NORMAL
SV26-0068,05-design-check,/studio/survey/{surveyId}/design,诱导措辞自动错误,无需手动检查；具体诊断正确；定位对应非首题；未保存修改即时更新；服务端独立拒绝无效发布,NOT_STARTED,,No accepted execution result recorded,,,NORMAL
SV26-0069,05-design-check,/studio/survey/{surveyId}/design,图片配置自动错误,无需手动检查；具体诊断正确；定位对应非首题；未保存修改即时更新；服务端独立拒绝无效发布,NOT_STARTED,,No accepted execution result recorded,,,NORMAL
SV26-0070,05-design-check,/studio/survey/{surveyId}/design,无效逻辑自动错误,无需手动检查；具体诊断正确；定位对应非首题；未保存修改即时更新；服务端独立拒绝无效发布,NOT_STARTED,,No accepted execution result recorded,,,NORMAL
SV26-0071,05-design-check,/studio/survey/{surveyId}/design,题目缺报告映射自动错误,无需手动检查；具体诊断正确；定位对应非首题；未保存修改即时更新；服务端独立拒绝无效发布,NOT_STARTED,,No accepted execution result recorded,,,NORMAL
SV26-0072,05-design-check,/studio/survey/{surveyId}/design,章节无题目供应自动错误,无需手动检查；具体诊断正确；定位对应非首题；未保存修改即时更新；服务端独立拒绝无效发布,NOT_STARTED,,No accepted execution result recorded,,,NORMAL
SV26-0074,05-design-check,/studio/survey/{surveyId}/design,服务器422返回设计保留诊断,无需手动检查；具体诊断正确；定位对应非首题；未保存修改即时更新；服务端独立拒绝无效发布,NOT_STARTED,,No accepted execution result recorded,,,NORMAL
SV26-0075,05-design-check,/studio/survey/{surveyId}/design,定位并修复：题目,无需手动检查；具体诊断正确；定位对应非首题；未保存修改即时更新；服务端独立拒绝无效发布,NOT_STARTED,,No accepted execution result recorded,,,NORMAL
SV26-0076,05-design-check,/studio/survey/{surveyId}/design,定位并修复：映射,无需手动检查；具体诊断正确；定位对应非首题；未保存修改即时更新；服务端独立拒绝无效发布,NOT_STARTED,,No accepted execution result recorded,,,NORMAL
SV26-0077,06-editor-common,/studio/survey/{surveyId}/design,新增题目,内容/顺序/选择/必答按动作改变；边界禁用；保存后undo/redo仍可用；不跳回旧修复题；刷新持久化,NOT_STARTED,,No accepted execution result recorded,,,NORMAL
SV26-0078,06-editor-common,/studio/survey/{surveyId}/design,搜索题目,内容/顺序/选择/必答按动作改变；边界禁用；保存后undo/redo仍可用；不跳回旧修复题；刷新持久化,NOT_STARTED,,No accepted execution result recorded,,,NORMAL
SV26-0079,06-editor-common,/studio/survey/{surveyId}/design,搜索题型,内容/顺序/选择/必答按动作改变；边界禁用；保存后undo/redo仍可用；不跳回旧修复题；刷新持久化,NOT_STARTED,,No accepted execution result recorded,,,NORMAL
SV26-0080,06-editor-common,/studio/survey/{surveyId}/design,题型分组选项,内容/顺序/选择/必答按动作改变；边界禁用；保存后undo/redo仍可用；不跳回旧修复题；刷新持久化,NOT_STARTED,,No accepted execution result recorded,,,NORMAL
SV26-0081,06-editor-common,/studio/survey/{surveyId}/design,选择题目,内容/顺序/选择/必答按动作改变；边界禁用；保存后undo/redo仍可用；不跳回旧修复题；刷新持久化,NOT_STARTED,,No accepted execution result recorded,,,NORMAL
SV26-0082,06-editor-common,/studio/survey/{surveyId}/design,问题内容,内容/顺序/选择/必答按动作改变；边界禁用；保存后undo/redo仍可用；不跳回旧修复题；刷新持久化,NOT_STARTED,,No accepted execution result recorded,,,NORMAL
SV26-0083,06-editor-common,/studio/survey/{surveyId}/design,题目说明,内容/顺序/选择/必答按动作改变；边界禁用；保存后undo/redo仍可用；不跳回旧修复题；刷新持久化,NOT_STARTED,,No accepted execution result recorded,,,NORMAL
SV26-0084,06-editor-common,/studio/survey/{surveyId}/design,所属章节,内容/顺序/选择/必答按动作改变；边界禁用；保存后undo/redo仍可用；不跳回旧修复题；刷新持久化,NOT_STARTED,,No accepted execution result recorded,,,NORMAL
SV26-0085,06-editor-common,/studio/survey/{surveyId}/design,必答：打开,内容/顺序/选择/必答按动作改变；边界禁用；保存后undo/redo仍可用；不跳回旧修复题；刷新持久化,NOT_STARTED,,No accepted execution result recorded,,,NORMAL
SV26-0086,06-editor-common,/studio/survey/{surveyId}/design,必答：关闭,内容/顺序/选择/必答按动作改变；边界禁用；保存后undo/redo仍可用；不跳回旧修复题；刷新持久化,NOT_STARTED,,No accepted execution result recorded,,,NORMAL
SV26-0087,06-editor-common,/studio/survey/{surveyId}/design,确认切换题型→取消,内容/顺序/选择/必答按动作改变；边界禁用；保存后undo/redo仍可用；不跳回旧修复题；刷新持久化,NOT_STARTED,,No accepted execution result recorded,,,NORMAL
SV26-0088,06-editor-common,/studio/survey/{surveyId}/design,确认切换题型→确认,内容/顺序/选择/必答按动作改变；边界禁用；保存后undo/redo仍可用；不跳回旧修复题；刷新持久化,NOT_STARTED,,No accepted execution result recorded,,,NORMAL
SV26-0089,06-editor-common,/studio/survey/{surveyId}/design,上移题目（大纲）,内容/顺序/选择/必答按动作改变；边界禁用；保存后undo/redo仍可用；不跳回旧修复题；刷新持久化,NOT_STARTED,,No accepted execution result recorded,,,NORMAL
SV26-0090,06-editor-common,/studio/survey/{surveyId}/design,下移题目（大纲）,内容/顺序/选择/必答按动作改变；边界禁用；保存后undo/redo仍可用；不跳回旧修复题；刷新持久化,NOT_STARTED,,No accepted execution result recorded,,,NORMAL
SV26-0091,06-editor-common,/studio/survey/{surveyId}/design,上移（设置）,内容/顺序/选择/必答按动作改变；边界禁用；保存后undo/redo仍可用；不跳回旧修复题；刷新持久化,NOT_STARTED,,No accepted execution result recorded,,,NORMAL
SV26-0092,06-editor-common,/studio/survey/{surveyId}/design,下移（设置）,内容/顺序/选择/必答按动作改变；边界禁用；保存后undo/redo仍可用；不跳回旧修复题；刷新持久化,NOT_STARTED,,No accepted execution result recorded,,,NORMAL
SV26-0093,06-editor-common,/studio/survey/{surveyId}/design,复制题目（设置）,内容/顺序/选择/必答按动作改变；边界禁用；保存后undo/redo仍可用；不跳回旧修复题；刷新持久化,NOT_STARTED,,No accepted execution result recorded,,,NORMAL
SV26-0094,06-editor-common,/studio/survey/{surveyId}/design,删除题目（设置）,内容/顺序/选择/必答按动作改变；边界禁用；保存后undo/redo仍可用；不跳回旧修复题；刷新持久化,NOT_STARTED,,No accepted execution result recorded,,,NORMAL
SV26-0095,06-editor-common,/studio/survey/{surveyId}/design,撤销删除,内容/顺序/选择/必答按动作改变；边界禁用；保存后undo/redo仍可用；不跳回旧修复题；刷新持久化,NOT_STARTED,,No accepted execution result recorded,,,NORMAL
SV26-0096,06-editor-common,/studio/survey/{surveyId}/design,在题后添加题目（画布）,内容/顺序/选择/必答按动作改变；边界禁用；保存后undo/redo仍可用；不跳回旧修复题；刷新持久化,NOT_STARTED,,No accepted execution result recorded,,,NORMAL
SV26-0097,06-editor-common,/studio/survey/{surveyId}/design,复制题目（画布）,内容/顺序/选择/必答按动作改变；边界禁用；保存后undo/redo仍可用；不跳回旧修复题；刷新持久化,NOT_STARTED,,No accepted execution result recorded,,,NORMAL
SV26-0098,06-editor-common,/studio/survey/{surveyId}/design,删除题目（画布）,内容/顺序/选择/必答按动作改变；边界禁用；保存后undo/redo仍可用；不跳回旧修复题；刷新持久化,NOT_STARTED,,No accepted execution result recorded,,,NORMAL
SV26-0099,06-editor-common,/studio/survey/{surveyId}/design,上移题目（画布）,内容/顺序/选择/必答按动作改变；边界禁用；保存后undo/redo仍可用；不跳回旧修复题；刷新持久化,NOT_STARTED,,No accepted execution result recorded,,,NORMAL
SV26-0100,06-editor-common,/studio/survey/{surveyId}/design,下移题目（画布）,内容/顺序/选择/必答按动作改变；边界禁用；保存后undo/redo仍可用；不跳回旧修复题；刷新持久化,NOT_STARTED,,No accepted execution result recorded,,,NORMAL
SV26-0101,06-editor-common,/studio/survey/{surveyId}/design,编辑题目内容,内容/顺序/选择/必答按动作改变；边界禁用；保存后undo/redo仍可用；不跳回旧修复题；刷新持久化,NOT_STARTED,,No accepted execution result recorded,,,NORMAL
SV26-0102,06-editor-common,/studio/survey/{surveyId}/design,撤销最近修改,内容/顺序/选择/必答按动作改变；边界禁用；保存后undo/redo仍可用；不跳回旧修复题；刷新持久化,NOT_STARTED,,No accepted execution result recorded,,,NORMAL
SV26-0103,06-editor-common,/studio/survey/{surveyId}/design,重做最近修改,内容/顺序/选择/必答按动作改变；边界禁用；保存后undo/redo仍可用；不跳回旧修复题；刷新持久化,NOT_STARTED,,No accepted execution result recorded,,,NORMAL
SV26-0104,06-editor-common,/studio/survey/{surveyId}/design,试填问卷,内容/顺序/选择/必答按动作改变；边界禁用；保存后undo/redo仍可用；不跳回旧修复题；刷新持久化,NOT_STARTED,,No accepted execution result recorded,,,NORMAL
SV26-0105,06-editor-common,/studio/survey/{surveyId}/design,返回设计,内容/顺序/选择/必答按动作改变；边界禁用；保存后undo/redo仍可用；不跳回旧修复题；刷新持久化,NOT_STARTED,,No accepted execution result recorded,,,NORMAL
SV26-0106,06-editor-common,/studio/survey/{surveyId}/design,试填上一页,内容/顺序/选择/必答按动作改变；边界禁用；保存后undo/redo仍可用；不跳回旧修复题；刷新持久化,NOT_STARTED,,No accepted execution result recorded,,,NORMAL
SV26-0107,06-editor-common,/studio/survey/{surveyId}/design,试填下一页,内容/顺序/选择/必答按动作改变；边界禁用；保存后undo/redo仍可用；不跳回旧修复题；刷新持久化,NOT_STARTED,,No accepted execution result recorded,,,NORMAL
SV26-0108,06-editor-common,/studio/survey/{surveyId}/design,桌面预览,内容/顺序/选择/必答按动作改变；边界禁用；保存后undo/redo仍可用；不跳回旧修复题；刷新持久化,NOT_STARTED,,No accepted execution result recorded,,,NORMAL
SV26-0109,06-editor-common,/studio/survey/{surveyId}/design,平板预览,内容/顺序/选择/必答按动作改变；边界禁用；保存后undo/redo仍可用；不跳回旧修复题；刷新持久化,NOT_STARTED,,No accepted execution result recorded,,,NORMAL
SV26-0110,06-editor-common,/studio/survey/{surveyId}/design,手机预览,内容/顺序/选择/必答按动作改变；边界禁用；保存后undo/redo仍可用；不跳回旧修复题；刷新持久化,NOT_STARTED,,No accepted execution result recorded,,,NORMAL
SV26-0111,07-markdown,/studio/survey/{surveyId}/design,Markdown 问卷内容展开,源编辑预览应用分开；语法错误可见；未应用内容不被投影覆盖,NOT_STARTED,,No accepted execution result recorded,,,NORMAL
SV26-0112,07-markdown,/studio/survey/{surveyId}/design,问卷 Markdown,源编辑预览应用分开；语法错误可见；未应用内容不被投影覆盖,NOT_STARTED,,No accepted execution result recorded,,,NORMAL
SV26-0113,07-markdown,/studio/survey/{surveyId}/design,校对并预览题目,源编辑预览应用分开；语法错误可见；未应用内容不被投影覆盖,NOT_STARTED,,No accepted execution result recorded,,,NORMAL
SV26-0114,07-markdown,/studio/survey/{surveyId}/design,校对 Markdown,源编辑预览应用分开；语法错误可见；未应用内容不被投影覆盖,NOT_STARTED,,No accepted execution result recorded,,,NORMAL
SV26-0115,07-markdown,/studio/survey/{surveyId}/design,继续编辑,源编辑预览应用分开；语法错误可见；未应用内容不被投影覆盖,NOT_STARTED,,No accepted execution result recorded,,,NORMAL
SV26-0116,07-markdown,/studio/survey/{surveyId}/design,应用到问卷,源编辑预览应用分开；语法错误可见；未应用内容不被投影覆盖,NOT_STARTED,,No accepted execution result recorded,,,NORMAL
SV26-0117,07-markdown,/studio/survey/{surveyId}/design,非法源保存拒绝,源编辑预览应用分开；语法错误可见；未应用内容不被投影覆盖,NOT_STARTED,,No accepted execution result recorded,,,NORMAL
SV26-0118,07-markdown,/studio/survey/{surveyId}/design,未应用源→投影编辑禁用,源编辑预览应用分开；语法错误可见；未应用内容不被投影覆盖,NOT_STARTED,,No accepted execution result recorded,,,NORMAL
SV26-0119,08-type-single,/studio/survey/{surveyId}/design,single：新增题型,新增正确类型和factory默认配置；保存刷新类型保持,NOT_STARTED,,No accepted execution result recorded,,,NORMAL
SV26-0120,08-type-single,/studio/survey/{surveyId}/design,single：切换到题型,确认后配置符合该类型；取消不改变旧题,NOT_STARTED,,No accepted execution result recorded,,,NORMAL
SV26-0121,08-type-single,/studio/survey/{surveyId}/design,single：设置并保存,展开该题内容和高级规则，填写最小合法配置；刷新保持配置,NOT_STARTED,,No accepted execution result recorded,,,NORMAL
SV26-0122,08-type-single,/studio/survey/{surveyId}/design,single：试填控件,有效输入能改变试填答案；必答空值拒绝；不产生后台答卷,NOT_STARTED,,No accepted execution result recorded,,,NORMAL
SV26-0123,08-type-single,/surveys/{token},single：公开填写并提交,公开控件真实输入、提交成功；后台同questionId及值读取一致,NOT_STARTED,,No accepted execution result recorded,,,NORMAL
SV26-0124,08-type-multi,/studio/survey/{surveyId}/design,multi：新增题型,新增正确类型和factory默认配置；保存刷新类型保持,NOT_STARTED,,No accepted execution result recorded,,,NORMAL
SV26-0125,08-type-multi,/studio/survey/{surveyId}/design,multi：切换到题型,确认后配置符合该类型；取消不改变旧题,NOT_STARTED,,No accepted execution result recorded,,,NORMAL
SV26-0126,08-type-multi,/studio/survey/{surveyId}/design,multi：设置并保存,展开该题内容和高级规则，填写最小合法配置；刷新保持配置,NOT_STARTED,,No accepted execution result recorded,,,NORMAL
SV26-0127,08-type-multi,/studio/survey/{surveyId}/design,multi：试填控件,有效输入能改变试填答案；必答空值拒绝；不产生后台答卷,NOT_STARTED,,No accepted execution result recorded,,,NORMAL
SV26-0128,08-type-multi,/surveys/{token},multi：公开填写并提交,公开控件真实输入、提交成功；后台同questionId及值读取一致,NOT_STARTED,,No accepted execution result recorded,,,NORMAL
SV26-0129,08-type-scale,/studio/survey/{surveyId}/design,scale：新增题型,新增正确类型和factory默认配置；保存刷新类型保持,NOT_STARTED,,No accepted execution result recorded,,,NORMAL
SV26-0130,08-type-scale,/studio/survey/{surveyId}/design,scale：切换到题型,确认后配置符合该类型；取消不改变旧题,NOT_STARTED,,No accepted execution result recorded,,,NORMAL
SV26-0131,08-type-scale,/studio/survey/{surveyId}/design,scale：设置并保存,展开该题内容和高级规则，填写最小合法配置；刷新保持配置,NOT_STARTED,,No accepted execution result recorded,,,NORMAL
SV26-0132,08-type-scale,/studio/survey/{surveyId}/design,scale：试填控件,有效输入能改变试填答案；必答空值拒绝；不产生后台答卷,NOT_STARTED,,No accepted execution result recorded,,,NORMAL
SV26-0133,08-type-scale,/surveys/{token},scale：公开填写并提交,公开控件真实输入、提交成功；后台同questionId及值读取一致,NOT_STARTED,,No accepted execution result recorded,,,NORMAL
SV26-0134,08-type-open,/studio/survey/{surveyId}/design,open：新增题型,新增正确类型和factory默认配置；保存刷新类型保持,NOT_STARTED,,No accepted execution result recorded,,,NORMAL
SV26-0135,08-type-open,/studio/survey/{surveyId}/design,open：切换到题型,确认后配置符合该类型；取消不改变旧题,NOT_STARTED,,No accepted execution result recorded,,,NORMAL
SV26-0136,08-type-open,/studio/survey/{surveyId}/design,open：设置并保存,展开该题内容和高级规则，填写最小合法配置；刷新保持配置,NOT_STARTED,,No accepted execution result recorded,,,NORMAL
SV26-0137,08-type-open,/studio/survey/{surveyId}/design,open：试填控件,有效输入能改变试填答案；必答空值拒绝；不产生后台答卷,NOT_STARTED,,No accepted execution result recorded,,,NORMAL
SV26-0138,08-type-open,/surveys/{token},open：公开填写并提交,公开控件真实输入、提交成功；后台同questionId及值读取一致,NOT_STARTED,,No accepted execution result recorded,,,NORMAL
SV26-0139,08-type-dropdown,/studio/survey/{surveyId}/design,dropdown：新增题型,新增正确类型和factory默认配置；保存刷新类型保持,NOT_STARTED,,No accepted execution result recorded,,,NORMAL
SV26-0140,08-type-dropdown,/studio/survey/{surveyId}/design,dropdown：切换到题型,确认后配置符合该类型；取消不改变旧题,NOT_STARTED,,No accepted execution result recorded,,,NORMAL
SV26-0141,08-type-dropdown,/studio/survey/{surveyId}/design,dropdown：设置并保存,展开该题内容和高级规则，填写最小合法配置；刷新保持配置,NOT_STARTED,,No accepted execution result recorded,,,NORMAL
SV26-0142,08-type-dropdown,/studio/survey/{surveyId}/design,dropdown：试填控件,有效输入能改变试填答案；必答空值拒绝；不产生后台答卷,NOT_STARTED,,No accepted execution result recorded,,,NORMAL
SV26-0143,08-type-dropdown,/surveys/{token},dropdown：公开填写并提交,公开控件真实输入、提交成功；后台同questionId及值读取一致,NOT_STARTED,,No accepted execution result recorded,,,NORMAL
SV26-0144,08-type-image_single,/studio/survey/{surveyId}/design,image_single：新增题型,新增正确类型和factory默认配置；保存刷新类型保持,NOT_STARTED,,No accepted execution result recorded,,,NORMAL
SV26-0145,08-type-image_single,/studio/survey/{surveyId}/design,image_single：切换到题型,确认后配置符合该类型；取消不改变旧题,NOT_STARTED,,No accepted execution result recorded,,,NORMAL
SV26-0146,08-type-image_single,/studio/survey/{surveyId}/design,image_single：设置并保存,展开该题内容和高级规则，填写最小合法配置；刷新保持配置,NOT_STARTED,,No accepted execution result recorded,,,NORMAL
SV26-0147,08-type-image_single,/studio/survey/{surveyId}/design,image_single：试填控件,有效输入能改变试填答案；必答空值拒绝；不产生后台答卷,NOT_STARTED,,No accepted execution result recorded,,,NORMAL
SV26-0148,08-type-image_single,/surveys/{token},image_single：公开填写并提交,公开控件真实输入、提交成功；后台同questionId及值读取一致,NOT_STARTED,,No accepted execution result recorded,,,NORMAL
SV26-0149,08-type-image_multi,/studio/survey/{surveyId}/design,image_multi：新增题型,新增正确类型和factory默认配置；保存刷新类型保持,NOT_STARTED,,No accepted execution result recorded,,,NORMAL
SV26-0150,08-type-image_multi,/studio/survey/{surveyId}/design,image_multi：切换到题型,确认后配置符合该类型；取消不改变旧题,NOT_STARTED,,No accepted execution result recorded,,,NORMAL
SV26-0151,08-type-image_multi,/studio/survey/{surveyId}/design,image_multi：设置并保存,展开该题内容和高级规则，填写最小合法配置；刷新保持配置,NOT_STARTED,,No accepted execution result recorded,,,NORMAL
SV26-0152,08-type-image_multi,/studio/survey/{surveyId}/design,image_multi：试填控件,有效输入能改变试填答案；必答空值拒绝；不产生后台答卷,NOT_STARTED,,No accepted execution result recorded,,,NORMAL
SV26-0153,08-type-image_multi,/surveys/{token},image_multi：公开填写并提交,公开控件真实输入、提交成功；后台同questionId及值读取一致,NOT_STARTED,,No accepted execution result recorded,,,NORMAL
SV26-0154,08-type-short,/studio/survey/{surveyId}/design,short：新增题型,新增正确类型和factory默认配置；保存刷新类型保持,NOT_STARTED,,No accepted execution result recorded,,,NORMAL
SV26-0155,08-type-short,/studio/survey/{surveyId}/design,short：切换到题型,确认后配置符合该类型；取消不改变旧题,NOT_STARTED,,No accepted execution result recorded,,,NORMAL
SV26-0156,08-type-short,/studio/survey/{surveyId}/design,short：设置并保存,展开该题内容和高级规则，填写最小合法配置；刷新保持配置,NOT_STARTED,,No accepted execution result recorded,,,NORMAL
SV26-0157,08-type-short,/studio/survey/{surveyId}/design,short：试填控件,有效输入能改变试填答案；必答空值拒绝；不产生后台答卷,NOT_STARTED,,No accepted execution result recorded,,,NORMAL
SV26-0158,08-type-short,/surveys/{token},short：公开填写并提交,公开控件真实输入、提交成功；后台同questionId及值读取一致,NOT_STARTED,,No accepted execution result recorded,,,NORMAL
SV26-0159,08-type-multiple_text,/studio/survey/{surveyId}/design,multiple_text：新增题型,新增正确类型和factory默认配置；保存刷新类型保持,NOT_STARTED,,No accepted execution result recorded,,,NORMAL
SV26-0160,08-type-multiple_text,/studio/survey/{surveyId}/design,multiple_text：切换到题型,确认后配置符合该类型；取消不改变旧题,NOT_STARTED,,No accepted execution result recorded,,,NORMAL
SV26-0161,08-type-multiple_text,/studio/survey/{surveyId}/design,multiple_text：设置并保存,展开该题内容和高级规则，填写最小合法配置；刷新保持配置,NOT_STARTED,,No accepted execution result recorded,,,NORMAL
SV26-0162,08-type-multiple_text,/studio/survey/{surveyId}/design,multiple_text：试填控件,有效输入能改变试填答案；必答空值拒绝；不产生后台答卷,NOT_STARTED,,No accepted execution result recorded,,,NORMAL
SV26-0163,08-type-multiple_text,/surveys/{token},multiple_text：公开填写并提交,公开控件真实输入、提交成功；后台同questionId及值读取一致,NOT_STARTED,,No accepted execution result recorded,,,NORMAL
SV26-0164,08-type-number,/studio/survey/{surveyId}/design,number：新增题型,新增正确类型和factory默认配置；保存刷新类型保持,NOT_STARTED,,No accepted execution result recorded,,,NORMAL
SV26-0165,08-type-number,/studio/survey/{surveyId}/design,number：切换到题型,确认后配置符合该类型；取消不改变旧题,NOT_STARTED,,No accepted execution result recorded,,,NORMAL
SV26-0166,08-type-number,/studio/survey/{surveyId}/design,number：设置并保存,展开该题内容和高级规则，填写最小合法配置；刷新保持配置,NOT_STARTED,,No accepted execution result recorded,,,NORMAL
SV26-0167,08-type-number,/studio/survey/{surveyId}/design,number：试填控件,有效输入能改变试填答案；必答空值拒绝；不产生后台答卷,NOT_STARTED,,No accepted execution result recorded,,,NORMAL
SV26-0168,08-type-number,/surveys/{token},number：公开填写并提交,公开控件真实输入、提交成功；后台同questionId及值读取一致,NOT_STARTED,,No accepted execution result recorded,,,NORMAL
SV26-0169,08-type-date,/studio/survey/{surveyId}/design,date：新增题型,新增正确类型和factory默认配置；保存刷新类型保持,NOT_STARTED,,No accepted execution result recorded,,,NORMAL
SV26-0170,08-type-date,/studio/survey/{surveyId}/design,date：切换到题型,确认后配置符合该类型；取消不改变旧题,NOT_STARTED,,No accepted execution result recorded,,,NORMAL
SV26-0171,08-type-date,/studio/survey/{surveyId}/design,date：设置并保存,展开该题内容和高级规则，填写最小合法配置；刷新保持配置,NOT_STARTED,,No accepted execution result recorded,,,NORMAL
SV26-0172,08-type-date,/studio/survey/{surveyId}/design,date：试填控件,有效输入能改变试填答案；必答空值拒绝；不产生后台答卷,NOT_STARTED,,No accepted execution result recorded,,,NORMAL
SV26-0173,08-type-date,/surveys/{token},date：公开填写并提交,公开控件真实输入、提交成功；后台同questionId及值读取一致,NOT_STARTED,,No accepted execution result recorded,,,NORMAL
SV26-0174,08-type-time,/studio/survey/{surveyId}/design,time：新增题型,新增正确类型和factory默认配置；保存刷新类型保持,NOT_STARTED,,No accepted execution result recorded,,,NORMAL
SV26-0175,08-type-time,/studio/survey/{surveyId}/design,time：切换到题型,确认后配置符合该类型；取消不改变旧题,NOT_STARTED,,No accepted execution result recorded,,,NORMAL
SV26-0176,08-type-time,/studio/survey/{surveyId}/design,time：设置并保存,展开该题内容和高级规则，填写最小合法配置；刷新保持配置,NOT_STARTED,,No accepted execution result recorded,,,NORMAL
SV26-0177,08-type-time,/studio/survey/{surveyId}/design,time：试填控件,有效输入能改变试填答案；必答空值拒绝；不产生后台答卷,NOT_STARTED,,No accepted execution result recorded,,,NORMAL
SV26-0178,08-type-time,/surveys/{token},time：公开填写并提交,公开控件真实输入、提交成功；后台同questionId及值读取一致,NOT_STARTED,,No accepted execution result recorded,,,NORMAL
SV26-0179,08-type-datetime,/studio/survey/{surveyId}/design,datetime：新增题型,新增正确类型和factory默认配置；保存刷新类型保持,NOT_STARTED,,No accepted execution result recorded,,,NORMAL
SV26-0180,08-type-datetime,/studio/survey/{surveyId}/design,datetime：切换到题型,确认后配置符合该类型；取消不改变旧题,NOT_STARTED,,No accepted execution result recorded,,,NORMAL
SV26-0181,08-type-datetime,/studio/survey/{surveyId}/design,datetime：设置并保存,展开该题内容和高级规则，填写最小合法配置；刷新保持配置,NOT_STARTED,,No accepted execution result recorded,,,NORMAL
SV26-0182,08-type-datetime,/studio/survey/{surveyId}/design,datetime：试填控件,有效输入能改变试填答案；必答空值拒绝；不产生后台答卷,NOT_STARTED,,No accepted execution result recorded,,,NORMAL
SV26-0183,08-type-datetime,/surveys/{token},datetime：公开填写并提交,公开控件真实输入、提交成功；后台同questionId及值读取一致,NOT_STARTED,,No accepted execution result recorded,,,NORMAL
SV26-0184,08-type-email,/studio/survey/{surveyId}/design,email：新增题型,新增正确类型和factory默认配置；保存刷新类型保持,NOT_STARTED,,No accepted execution result recorded,,,NORMAL
SV26-0185,08-type-email,/studio/survey/{surveyId}/design,email：切换到题型,确认后配置符合该类型；取消不改变旧题,NOT_STARTED,,No accepted execution result recorded,,,NORMAL
SV26-0186,08-type-email,/studio/survey/{surveyId}/design,email：设置并保存,展开该题内容和高级规则，填写最小合法配置；刷新保持配置,NOT_STARTED,,No accepted execution result recorded,,,NORMAL
SV26-0187,08-type-email,/studio/survey/{surveyId}/design,email：试填控件,有效输入能改变试填答案；必答空值拒绝；不产生后台答卷,NOT_STARTED,,No accepted execution result recorded,,,NORMAL
SV26-0188,08-type-email,/surveys/{token},email：公开填写并提交,公开控件真实输入、提交成功；后台同questionId及值读取一致,NOT_STARTED,,No accepted execution result recorded,,,NORMAL
SV26-0189,08-type-phone,/studio/survey/{surveyId}/design,phone：新增题型,新增正确类型和factory默认配置；保存刷新类型保持,NOT_STARTED,,No accepted execution result recorded,,,NORMAL
SV26-0190,08-type-phone,/studio/survey/{surveyId}/design,phone：切换到题型,确认后配置符合该类型；取消不改变旧题,NOT_STARTED,,No accepted execution result recorded,,,NORMAL
SV26-0191,08-type-phone,/studio/survey/{surveyId}/design,phone：设置并保存,展开该题内容和高级规则，填写最小合法配置；刷新保持配置,NOT_STARTED,,No accepted execution result recorded,,,NORMAL
SV26-0192,08-type-phone,/studio/survey/{surveyId}/design,phone：试填控件,有效输入能改变试填答案；必答空值拒绝；不产生后台答卷,NOT_STARTED,,No accepted execution result recorded,,,NORMAL
SV26-0193,08-type-phone,/surveys/{token},phone：公开填写并提交,公开控件真实输入、提交成功；后台同questionId及值读取一致,NOT_STARTED,,No accepted execution result recorded,,,NORMAL
SV26-0194,08-type-address,/studio/survey/{surveyId}/design,address：新增题型,新增正确类型和factory默认配置；保存刷新类型保持,NOT_STARTED,,No accepted execution result recorded,,,NORMAL
SV26-0195,08-type-address,/studio/survey/{surveyId}/design,address：切换到题型,确认后配置符合该类型；取消不改变旧题,NOT_STARTED,,No accepted execution result recorded,,,NORMAL
SV26-0196,08-type-address,/studio/survey/{surveyId}/design,address：设置并保存,展开该题内容和高级规则，填写最小合法配置；刷新保持配置,NOT_STARTED,,No accepted execution result recorded,,,NORMAL
SV26-0197,08-type-address,/studio/survey/{surveyId}/design,address：试填控件,有效输入能改变试填答案；必答空值拒绝；不产生后台答卷,NOT_STARTED,,No accepted execution result recorded,,,NORMAL
SV26-0198,08-type-address,/surveys/{token},address：公开填写并提交,公开控件真实输入、提交成功；后台同questionId及值读取一致,NOT_STARTED,,No accepted execution result recorded,,,NORMAL
SV26-0199,08-type-cascade,/studio/survey/{surveyId}/design,cascade：新增题型,新增正确类型和factory默认配置；保存刷新类型保持,NOT_STARTED,,No accepted execution result recorded,,,NORMAL
SV26-0200,08-type-cascade,/studio/survey/{surveyId}/design,cascade：切换到题型,确认后配置符合该类型；取消不改变旧题,NOT_STARTED,,No accepted execution result recorded,,,NORMAL
SV26-0201,08-type-cascade,/studio/survey/{surveyId}/design,cascade：设置并保存,展开该题内容和高级规则，填写最小合法配置；刷新保持配置,NOT_STARTED,,No accepted execution result recorded,,,NORMAL
SV26-0202,08-type-cascade,/studio/survey/{surveyId}/design,cascade：试填控件,有效输入能改变试填答案；必答空值拒绝；不产生后台答卷,NOT_STARTED,,No accepted execution result recorded,,,NORMAL
SV26-0203,08-type-cascade,/surveys/{token},cascade：公开填写并提交,公开控件真实输入、提交成功；后台同questionId及值读取一致,NOT_STARTED,,No accepted execution result recorded,,,NORMAL
SV26-0204,08-type-rating,/studio/survey/{surveyId}/design,rating：新增题型,新增正确类型和factory默认配置；保存刷新类型保持,NOT_STARTED,,No accepted execution result recorded,,,NORMAL
SV26-0205,08-type-rating,/studio/survey/{surveyId}/design,rating：切换到题型,确认后配置符合该类型；取消不改变旧题,NOT_STARTED,,No accepted execution result recorded,,,NORMAL
SV26-0206,08-type-rating,/studio/survey/{surveyId}/design,rating：设置并保存,展开该题内容和高级规则，填写最小合法配置；刷新保持配置,NOT_STARTED,,No accepted execution result recorded,,,NORMAL
SV26-0207,08-type-rating,/studio/survey/{surveyId}/design,rating：试填控件,有效输入能改变试填答案；必答空值拒绝；不产生后台答卷,NOT_STARTED,,No accepted execution result recorded,,,NORMAL
SV26-0208,08-type-rating,/surveys/{token},rating：公开填写并提交,公开控件真实输入、提交成功；后台同questionId及值读取一致,NOT_STARTED,,No accepted execution result recorded,,,NORMAL
SV26-0209,08-type-nps,/studio/survey/{surveyId}/design,nps：新增题型,新增正确类型和factory默认配置；保存刷新类型保持,NOT_STARTED,,No accepted execution result recorded,,,NORMAL
SV26-0210,08-type-nps,/studio/survey/{surveyId}/design,nps：切换到题型,确认后配置符合该类型；取消不改变旧题,NOT_STARTED,,No accepted execution result recorded,,,NORMAL
SV26-0211,08-type-nps,/studio/survey/{surveyId}/design,nps：设置并保存,展开该题内容和高级规则，填写最小合法配置；刷新保持配置,NOT_STARTED,,No accepted execution result recorded,,,NORMAL
SV26-0212,08-type-nps,/studio/survey/{surveyId}/design,nps：试填控件,有效输入能改变试填答案；必答空值拒绝；不产生后台答卷,NOT_STARTED,,No accepted execution result recorded,,,NORMAL
SV26-0213,08-type-nps,/surveys/{token},nps：公开填写并提交,公开控件真实输入、提交成功；后台同questionId及值读取一致,NOT_STARTED,,No accepted execution result recorded,,,NORMAL
SV26-0214,08-type-slider,/studio/survey/{surveyId}/design,slider：新增题型,新增正确类型和factory默认配置；保存刷新类型保持,NOT_STARTED,,No accepted execution result recorded,,,NORMAL
SV26-0215,08-type-slider,/studio/survey/{surveyId}/design,slider：切换到题型,确认后配置符合该类型；取消不改变旧题,NOT_STARTED,,No accepted execution result recorded,,,NORMAL
SV26-0216,08-type-slider,/studio/survey/{surveyId}/design,slider：设置并保存,展开该题内容和高级规则，填写最小合法配置；刷新保持配置,NOT_STARTED,,No accepted execution result recorded,,,NORMAL
SV26-0217,08-type-slider,/studio/survey/{surveyId}/design,slider：试填控件,有效输入能改变试填答案；必答空值拒绝；不产生后台答卷,NOT_STARTED,,No accepted execution result recorded,,,NORMAL
SV26-0218,08-type-slider,/surveys/{token},slider：公开填写并提交,公开控件真实输入、提交成功；后台同questionId及值读取一致,NOT_STARTED,,No accepted execution result recorded,,,NORMAL
SV26-0219,08-type-matrix_single,/studio/survey/{surveyId}/design,matrix_single：新增题型,新增正确类型和factory默认配置；保存刷新类型保持,NOT_STARTED,,No accepted execution result recorded,,,NORMAL
SV26-0220,08-type-matrix_single,/studio/survey/{surveyId}/design,matrix_single：切换到题型,确认后配置符合该类型；取消不改变旧题,NOT_STARTED,,No accepted execution result recorded,,,NORMAL
SV26-0221,08-type-matrix_single,/studio/survey/{surveyId}/design,matrix_single：设置并保存,展开该题内容和高级规则，填写最小合法配置；刷新保持配置,NOT_STARTED,,No accepted execution result recorded,,,NORMAL
SV26-0222,08-type-matrix_single,/studio/survey/{surveyId}/design,matrix_single：试填控件,有效输入能改变试填答案；必答空值拒绝；不产生后台答卷,NOT_STARTED,,No accepted execution result recorded,,,NORMAL
SV26-0223,08-type-matrix_single,/surveys/{token},matrix_single：公开填写并提交,公开控件真实输入、提交成功；后台同questionId及值读取一致,NOT_STARTED,,No accepted execution result recorded,,,NORMAL
SV26-0224,08-type-matrix_multi,/studio/survey/{surveyId}/design,matrix_multi：新增题型,新增正确类型和factory默认配置；保存刷新类型保持,NOT_STARTED,,No accepted execution result recorded,,,NORMAL
SV26-0225,08-type-matrix_multi,/studio/survey/{surveyId}/design,matrix_multi：切换到题型,确认后配置符合该类型；取消不改变旧题,NOT_STARTED,,No accepted execution result recorded,,,NORMAL
SV26-0226,08-type-matrix_multi,/studio/survey/{surveyId}/design,matrix_multi：设置并保存,展开该题内容和高级规则，填写最小合法配置；刷新保持配置,NOT_STARTED,,No accepted execution result recorded,,,NORMAL
SV26-0227,08-type-matrix_multi,/studio/survey/{surveyId}/design,matrix_multi：试填控件,有效输入能改变试填答案；必答空值拒绝；不产生后台答卷,NOT_STARTED,,No accepted execution result recorded,,,NORMAL
SV26-0228,08-type-matrix_multi,/surveys/{token},matrix_multi：公开填写并提交,公开控件真实输入、提交成功；后台同questionId及值读取一致,NOT_STARTED,,No accepted execution result recorded,,,NORMAL
SV26-0229,08-type-matrix_scale,/studio/survey/{surveyId}/design,matrix_scale：新增题型,新增正确类型和factory默认配置；保存刷新类型保持,NOT_STARTED,,No accepted execution result recorded,,,NORMAL
SV26-0230,08-type-matrix_scale,/studio/survey/{surveyId}/design,matrix_scale：切换到题型,确认后配置符合该类型；取消不改变旧题,NOT_STARTED,,No accepted execution result recorded,,,NORMAL
SV26-0231,08-type-matrix_scale,/studio/survey/{surveyId}/design,matrix_scale：设置并保存,展开该题内容和高级规则，填写最小合法配置；刷新保持配置,NOT_STARTED,,No accepted execution result recorded,,,NORMAL
SV26-0232,08-type-matrix_scale,/studio/survey/{surveyId}/design,matrix_scale：试填控件,有效输入能改变试填答案；必答空值拒绝；不产生后台答卷,NOT_STARTED,,No accepted execution result recorded,,,NORMAL
SV26-0233,08-type-matrix_scale,/surveys/{token},matrix_scale：公开填写并提交,公开控件真实输入、提交成功；后台同questionId及值读取一致,NOT_STARTED,,No accepted execution result recorded,,,NORMAL
SV26-0234,08-type-matrix_input,/studio/survey/{surveyId}/design,matrix_input：新增题型,新增正确类型和factory默认配置；保存刷新类型保持,NOT_STARTED,,No accepted execution result recorded,,,NORMAL
SV26-0235,08-type-matrix_input,/studio/survey/{surveyId}/design,matrix_input：切换到题型,确认后配置符合该类型；取消不改变旧题,NOT_STARTED,,No accepted execution result recorded,,,NORMAL
SV26-0236,08-type-matrix_input,/studio/survey/{surveyId}/design,matrix_input：设置并保存,展开该题内容和高级规则，填写最小合法配置；刷新保持配置,NOT_STARTED,,No accepted execution result recorded,,,NORMAL
SV26-0237,08-type-matrix_input,/studio/survey/{surveyId}/design,matrix_input：试填控件,有效输入能改变试填答案；必答空值拒绝；不产生后台答卷,NOT_STARTED,,No accepted execution result recorded,,,NORMAL
SV26-0238,08-type-matrix_input,/surveys/{token},matrix_input：公开填写并提交,公开控件真实输入、提交成功；后台同questionId及值读取一致,NOT_STARTED,,No accepted execution result recorded,,,NORMAL
SV26-0239,08-type-matrix_dropdown,/studio/survey/{surveyId}/design,matrix_dropdown：新增题型,新增正确类型和factory默认配置；保存刷新类型保持,NOT_STARTED,,No accepted execution result recorded,,,NORMAL
SV26-0240,08-type-matrix_dropdown,/studio/survey/{surveyId}/design,matrix_dropdown：切换到题型,确认后配置符合该类型；取消不改变旧题,NOT_STARTED,,No accepted execution result recorded,,,NORMAL
SV26-0241,08-type-matrix_dropdown,/studio/survey/{surveyId}/design,matrix_dropdown：设置并保存,展开该题内容和高级规则，填写最小合法配置；刷新保持配置,NOT_STARTED,,No accepted execution result recorded,,,NORMAL
SV26-0242,08-type-matrix_dropdown,/studio/survey/{surveyId}/design,matrix_dropdown：试填控件,有效输入能改变试填答案；必答空值拒绝；不产生后台答卷,NOT_STARTED,,No accepted execution result recorded,,,NORMAL
SV26-0243,08-type-matrix_dropdown,/surveys/{token},matrix_dropdown：公开填写并提交,公开控件真实输入、提交成功；后台同questionId及值读取一致,NOT_STARTED,,No accepted execution result recorded,,,NORMAL
SV26-0244,08-type-ranking,/studio/survey/{surveyId}/design,ranking：新增题型,新增正确类型和factory默认配置；保存刷新类型保持,NOT_STARTED,,No accepted execution result recorded,,,NORMAL
SV26-0245,08-type-ranking,/studio/survey/{surveyId}/design,ranking：切换到题型,确认后配置符合该类型；取消不改变旧题,NOT_STARTED,,No accepted execution result recorded,,,NORMAL
SV26-0246,08-type-ranking,/studio/survey/{surveyId}/design,ranking：设置并保存,展开该题内容和高级规则，填写最小合法配置；刷新保持配置,NOT_STARTED,,No accepted execution result recorded,,,NORMAL
SV26-0247,08-type-ranking,/studio/survey/{surveyId}/design,ranking：试填控件,有效输入能改变试填答案；必答空值拒绝；不产生后台答卷,NOT_STARTED,,No accepted execution result recorded,,,NORMAL
SV26-0248,08-type-ranking,/surveys/{token},ranking：公开填写并提交,公开控件真实输入、提交成功；后台同questionId及值读取一致,NOT_STARTED,,No accepted execution result recorded,,,NORMAL
SV26-0249,08-type-allocation,/studio/survey/{surveyId}/design,allocation：新增题型,新增正确类型和factory默认配置；保存刷新类型保持,NOT_STARTED,,No accepted execution result recorded,,,NORMAL
SV26-0250,08-type-allocation,/studio/survey/{surveyId}/design,allocation：切换到题型,确认后配置符合该类型；取消不改变旧题,NOT_STARTED,,No accepted execution result recorded,,,NORMAL
SV26-0251,08-type-allocation,/studio/survey/{surveyId}/design,allocation：设置并保存,展开该题内容和高级规则，填写最小合法配置；刷新保持配置,NOT_STARTED,,No accepted execution result recorded,,,NORMAL
SV26-0252,08-type-allocation,/studio/survey/{surveyId}/design,allocation：试填控件,有效输入能改变试填答案；必答空值拒绝；不产生后台答卷,NOT_STARTED,,No accepted execution result recorded,,,NORMAL
SV26-0253,08-type-allocation,/surveys/{token},allocation：公开填写并提交,公开控件真实输入、提交成功；后台同questionId及值读取一致,NOT_STARTED,,No accepted execution result recorded,,,NORMAL
SV26-0254,08-type-file,/studio/survey/{surveyId}/design,file：新增题型,新增正确类型和factory默认配置；保存刷新类型保持,NOT_STARTED,,No accepted execution result recorded,,,NORMAL
SV26-0255,08-type-file,/studio/survey/{surveyId}/design,file：切换到题型,确认后配置符合该类型；取消不改变旧题,NOT_STARTED,,No accepted execution result recorded,,,NORMAL
SV26-0256,08-type-file,/studio/survey/{surveyId}/design,file：设置并保存,展开该题内容和高级规则，填写最小合法配置；刷新保持配置,NOT_STARTED,,No accepted execution result recorded,,,NORMAL
SV26-0257,08-type-file,/studio/survey/{surveyId}/design,file：试填控件,有效输入能改变试填答案；必答空值拒绝；不产生后台答卷,NOT_STARTED,,No accepted execution result recorded,,,NORMAL
SV26-0258,08-type-file,/surveys/{token},file：公开填写并提交,公开控件真实输入、提交成功；后台同questionId及值读取一致,NOT_STARTED,,No accepted execution result recorded,,,NORMAL
SV26-0259,08-type-signature,/studio/survey/{surveyId}/design,signature：新增题型,新增正确类型和factory默认配置；保存刷新类型保持,NOT_STARTED,,No accepted execution result recorded,,,NORMAL
SV26-0260,08-type-signature,/studio/survey/{surveyId}/design,signature：切换到题型,确认后配置符合该类型；取消不改变旧题,NOT_STARTED,,No accepted execution result recorded,,,NORMAL
SV26-0261,08-type-signature,/studio/survey/{surveyId}/design,signature：设置并保存,展开该题内容和高级规则，填写最小合法配置；刷新保持配置,NOT_STARTED,,No accepted execution result recorded,,,NORMAL
SV26-0262,08-type-signature,/studio/survey/{surveyId}/design,signature：试填控件,有效输入能改变试填答案；必答空值拒绝；不产生后台答卷,NOT_STARTED,,No accepted execution result recorded,,,NORMAL
SV26-0263,08-type-signature,/surveys/{token},signature：公开填写并提交,公开控件真实输入、提交成功；后台同questionId及值读取一致,NOT_STARTED,,No accepted execution result recorded,,,NORMAL
SV26-0264,08-type-description,/studio/survey/{surveyId}/design,description：新增题型,新增正确类型和factory默认配置；保存刷新类型保持,NOT_STARTED,,No accepted execution result recorded,,,NORMAL
SV26-0265,08-type-description,/studio/survey/{surveyId}/design,description：切换到题型,确认后配置符合该类型；取消不改变旧题,NOT_STARTED,,No accepted execution result recorded,,,NORMAL
SV26-0266,08-type-description,/studio/survey/{surveyId}/design,description：设置并保存,展开该题内容和高级规则，填写最小合法配置；刷新保持配置,NOT_STARTED,,No accepted execution result recorded,,,NORMAL
SV26-0267,08-type-description,/surveys/{token},description：公开呈现,说明/分节正确呈现，不产生伪答案；分页与条件可见性正确,NOT_STARTED,,No accepted execution result recorded,,,NORMAL
SV26-0268,08-type-page_break,/studio/survey/{surveyId}/design,page_break：新增题型,新增正确类型和factory默认配置；保存刷新类型保持,NOT_STARTED,,No accepted execution result recorded,,,NORMAL
SV26-0269,08-type-page_break,/studio/survey/{surveyId}/design,page_break：切换到题型,确认后配置符合该类型；取消不改变旧题,NOT_STARTED,,No accepted execution result recorded,,,NORMAL
SV26-0270,08-type-page_break,/studio/survey/{surveyId}/design,page_break：设置并保存,展开该题内容和高级规则，填写最小合法配置；刷新保持配置,NOT_STARTED,,No accepted execution result recorded,,,NORMAL
SV26-0271,08-type-page_break,/surveys/{token},page_break：公开呈现,说明/分节正确呈现，不产生伪答案；分页与条件可见性正确,NOT_STARTED,,No accepted execution result recorded,,,NORMAL
SV26-0272,09-options,/studio/survey/{surveyId}/design,编辑选项,合法配置保存刷新；optionIds稳定；随机填写单次稳定；互斥/限制/级联按实际配置验证,NOT_STARTED,,No accepted execution result recorded,,,NORMAL
SV26-0273,09-options,/studio/survey/{surveyId}/design,删除选项,合法配置保存刷新；optionIds稳定；随机填写单次稳定；互斥/限制/级联按实际配置验证,NOT_STARTED,,No accepted execution result recorded,,,NORMAL
SV26-0274,09-options,/studio/survey/{surveyId}/design,添加选项,合法配置保存刷新；optionIds稳定；随机填写单次稳定；互斥/限制/级联按实际配置验证,NOT_STARTED,,No accepted execution result recorded,,,NORMAL
SV26-0275,09-options,/studio/survey/{surveyId}/design,批量粘贴选项展开,合法配置保存刷新；optionIds稳定；随机填写单次稳定；互斥/限制/级联按实际配置验证,NOT_STARTED,,No accepted execution result recorded,,,NORMAL
SV26-0276,09-options,/studio/survey/{surveyId}/design,批量选项，每行一个,合法配置保存刷新；optionIds稳定；随机填写单次稳定；互斥/限制/级联按实际配置验证,NOT_STARTED,,No accepted execution result recorded,,,NORMAL
SV26-0277,09-options,/studio/survey/{surveyId}/design,应用批量选项,合法配置保存刷新；optionIds稳定；随机填写单次稳定；互斥/限制/级联按实际配置验证,NOT_STARTED,,No accepted execution result recorded,,,NORMAL
SV26-0278,09-options,/studio/survey/{surveyId}/design,选项随机顺序,合法配置保存刷新；optionIds稳定；随机填写单次稳定；互斥/限制/级联按实际配置验证,NOT_STARTED,,No accepted execution result recorded,,,NORMAL
SV26-0279,09-options,/studio/survey/{surveyId}/design,包含其他及填写说明,合法配置保存刷新；optionIds稳定；随机填写单次稳定；互斥/限制/级联按实际配置验证,NOT_STARTED,,No accepted execution result recorded,,,NORMAL
SV26-0280,09-options,/studio/survey/{surveyId}/design,最少选择数,合法配置保存刷新；optionIds稳定；随机填写单次稳定；互斥/限制/级联按实际配置验证,NOT_STARTED,,No accepted execution result recorded,,,NORMAL
SV26-0281,09-options,/studio/survey/{surveyId}/design,最多选择数,合法配置保存刷新；optionIds稳定；随机填写单次稳定；互斥/限制/级联按实际配置验证,NOT_STARTED,,No accepted execution result recorded,,,NORMAL
SV26-0282,09-options,/studio/survey/{surveyId}/design,互斥选项选择,合法配置保存刷新；optionIds稳定；随机填写单次稳定；互斥/限制/级联按实际配置验证,NOT_STARTED,,No accepted execution result recorded,,,NORMAL
SV26-0283,09-options,/studio/survey/{surveyId}/design,矩阵行：新增,合法配置保存刷新；optionIds稳定；随机填写单次稳定；互斥/限制/级联按实际配置验证,NOT_STARTED,,No accepted execution result recorded,,,NORMAL
SV26-0284,09-options,/studio/survey/{surveyId}/design,矩阵行：编辑,合法配置保存刷新；optionIds稳定；随机填写单次稳定；互斥/限制/级联按实际配置验证,NOT_STARTED,,No accepted execution result recorded,,,NORMAL
SV26-0285,09-options,/studio/survey/{surveyId}/design,矩阵行：删除,合法配置保存刷新；optionIds稳定；随机填写单次稳定；互斥/限制/级联按实际配置验证,NOT_STARTED,,No accepted execution result recorded,,,NORMAL
SV26-0286,09-options,/studio/survey/{surveyId}/design,多项字段：新增,合法配置保存刷新；optionIds稳定；随机填写单次稳定；互斥/限制/级联按实际配置验证,NOT_STARTED,,No accepted execution result recorded,,,NORMAL
SV26-0287,09-options,/studio/survey/{surveyId}/design,多项字段：编辑,合法配置保存刷新；optionIds稳定；随机填写单次稳定；互斥/限制/级联按实际配置验证,NOT_STARTED,,No accepted execution result recorded,,,NORMAL
SV26-0288,09-options,/studio/survey/{surveyId}/design,多项字段：删除,合法配置保存刷新；optionIds稳定；随机填写单次稳定；互斥/限制/级联按实际配置验证,NOT_STARTED,,No accepted execution result recorded,,,NORMAL
SV26-0289,09-options,/studio/survey/{surveyId}/design,地址字段：编辑,合法配置保存刷新；optionIds稳定；随机填写单次稳定；互斥/限制/级联按实际配置验证,NOT_STARTED,,No accepted execution result recorded,,,NORMAL
SV26-0290,09-options,/studio/survey/{surveyId}/design,级联路径,合法配置保存刷新；optionIds稳定；随机填写单次稳定；互斥/限制/级联按实际配置验证,NOT_STARTED,,No accepted execution result recorded,,,NORMAL
SV26-0291,10-numeric-file-logic,/studio/survey/{surveyId}/design,最少字数,合法配置保留；越界/不完整显示具体诊断；显示/跳转规则只能引用合法题；连续图片编辑不跳题,NOT_STARTED,,No accepted execution result recorded,,,NORMAL
SV26-0292,10-numeric-file-logic,/studio/survey/{surveyId}/design,最多字数,合法配置保留；越界/不完整显示具体诊断；显示/跳转规则只能引用合法题；连续图片编辑不跳题,NOT_STARTED,,No accepted execution result recorded,,,NORMAL
SV26-0293,10-numeric-file-logic,/studio/survey/{surveyId}/design,最小值,合法配置保留；越界/不完整显示具体诊断；显示/跳转规则只能引用合法题；连续图片编辑不跳题,NOT_STARTED,,No accepted execution result recorded,,,NORMAL
SV26-0294,10-numeric-file-logic,/studio/survey/{surveyId}/design,最大值,合法配置保留；越界/不完整显示具体诊断；显示/跳转规则只能引用合法题；连续图片编辑不跳题,NOT_STARTED,,No accepted execution result recorded,,,NORMAL
SV26-0295,10-numeric-file-logic,/studio/survey/{surveyId}/design,步长 / 精度,合法配置保留；越界/不完整显示具体诊断；显示/跳转规则只能引用合法题；连续图片编辑不跳题,NOT_STARTED,,No accepted execution result recorded,,,NORMAL
SV26-0296,10-numeric-file-logic,/studio/survey/{surveyId}/design,单位,合法配置保留；越界/不完整显示具体诊断；显示/跳转规则只能引用合法题；连续图片编辑不跳题,NOT_STARTED,,No accepted execution result recorded,,,NORMAL
SV26-0297,10-numeric-file-logic,/studio/survey/{surveyId}/design,分配合计,合法配置保留；越界/不完整显示具体诊断；显示/跳转规则只能引用合法题；连续图片编辑不跳题,NOT_STARTED,,No accepted execution result recorded,,,NORMAL
SV26-0298,10-numeric-file-logic,/studio/survey/{surveyId}/design,低分端点,合法配置保留；越界/不完整显示具体诊断；显示/跳转规则只能引用合法题；连续图片编辑不跳题,NOT_STARTED,,No accepted execution result recorded,,,NORMAL
SV26-0299,10-numeric-file-logic,/studio/survey/{surveyId}/design,高分端点,合法配置保留；越界/不完整显示具体诊断；显示/跳转规则只能引用合法题；连续图片编辑不跳题,NOT_STARTED,,No accepted execution result recorded,,,NORMAL
SV26-0300,10-numeric-file-logic,/studio/survey/{surveyId}/design,最多文件数,合法配置保留；越界/不完整显示具体诊断；显示/跳转规则只能引用合法题；连续图片编辑不跳题,NOT_STARTED,,No accepted execution result recorded,,,NORMAL
SV26-0301,10-numeric-file-logic,/studio/survey/{surveyId}/design,单文件字节上限,合法配置保留；越界/不完整显示具体诊断；显示/跳转规则只能引用合法题；连续图片编辑不跳题,NOT_STARTED,,No accepted execution result recorded,,,NORMAL
SV26-0302,10-numeric-file-logic,/studio/survey/{surveyId}/design,允许文件格式,合法配置保留；越界/不完整显示具体诊断；显示/跳转规则只能引用合法题；连续图片编辑不跳题,NOT_STARTED,,No accepted execution result recorded,,,NORMAL
SV26-0303,10-numeric-file-logic,/studio/survey/{surveyId}/design,图片地址：第一项,合法配置保留；越界/不完整显示具体诊断；显示/跳转规则只能引用合法题；连续图片编辑不跳题,NOT_STARTED,,No accepted execution result recorded,,,NORMAL
SV26-0304,10-numeric-file-logic,/studio/survey/{surveyId}/design,图片替代文字：第一项,合法配置保留；越界/不完整显示具体诊断；显示/跳转规则只能引用合法题；连续图片编辑不跳题,NOT_STARTED,,No accepted execution result recorded,,,NORMAL
SV26-0305,10-numeric-file-logic,/studio/survey/{surveyId}/design,图片地址：第二项,合法配置保留；越界/不完整显示具体诊断；显示/跳转规则只能引用合法题；连续图片编辑不跳题,NOT_STARTED,,No accepted execution result recorded,,,NORMAL
SV26-0306,10-numeric-file-logic,/studio/survey/{surveyId}/design,图片替代文字：第二项,合法配置保留；越界/不完整显示具体诊断；显示/跳转规则只能引用合法题；连续图片编辑不跳题,NOT_STARTED,,No accepted execution result recorded,,,NORMAL
SV26-0307,10-numeric-file-logic,/studio/survey/{surveyId}/design,说明图片地址,合法配置保留；越界/不完整显示具体诊断；显示/跳转规则只能引用合法题；连续图片编辑不跳题,NOT_STARTED,,No accepted execution result recorded,,,NORMAL
SV26-0308,10-numeric-file-logic,/studio/survey/{surveyId}/design,说明图片替代文字,合法配置保留；越界/不完整显示具体诊断；显示/跳转规则只能引用合法题；连续图片编辑不跳题,NOT_STARTED,,No accepted execution result recorded,,,NORMAL
SV26-0309,10-numeric-file-logic,/studio/survey/{surveyId}/design,条件前题,合法配置保留；越界/不完整显示具体诊断；显示/跳转规则只能引用合法题；连续图片编辑不跳题,NOT_STARTED,,No accepted execution result recorded,,,NORMAL
SV26-0310,10-numeric-file-logic,/studio/survey/{surveyId}/design,条件关系：等于,合法配置保留；越界/不完整显示具体诊断；显示/跳转规则只能引用合法题；连续图片编辑不跳题,NOT_STARTED,,No accepted execution result recorded,,,NORMAL
SV26-0311,10-numeric-file-logic,/studio/survey/{surveyId}/design,条件关系：不等于,合法配置保留；越界/不完整显示具体诊断；显示/跳转规则只能引用合法题；连续图片编辑不跳题,NOT_STARTED,,No accepted execution result recorded,,,NORMAL
SV26-0312,10-numeric-file-logic,/studio/survey/{surveyId}/design,条件关系：包含,合法配置保留；越界/不完整显示具体诊断；显示/跳转规则只能引用合法题；连续图片编辑不跳题,NOT_STARTED,,No accepted execution result recorded,,,NORMAL
SV26-0313,10-numeric-file-logic,/studio/survey/{surveyId}/design,条件答案,合法配置保留；越界/不完整显示具体诊断；显示/跳转规则只能引用合法题；连续图片编辑不跳题,NOT_STARTED,,No accepted execution result recorded,,,NORMAL
SV26-0314,10-numeric-file-logic,/studio/survey/{surveyId}/design,添加显示条件,合法配置保留；越界/不完整显示具体诊断；显示/跳转规则只能引用合法题；连续图片编辑不跳题,NOT_STARTED,,No accepted execution result recorded,,,NORMAL
SV26-0315,10-numeric-file-logic,/studio/survey/{surveyId}/design,删除显示条件,合法配置保留；越界/不完整显示具体诊断；显示/跳转规则只能引用合法题；连续图片编辑不跳题,NOT_STARTED,,No accepted execution result recorded,,,NORMAL
SV26-0316,10-numeric-file-logic,/studio/survey/{surveyId}/design,跳转选项,合法配置保留；越界/不完整显示具体诊断；显示/跳转规则只能引用合法题；连续图片编辑不跳题,NOT_STARTED,,No accepted execution result recorded,,,NORMAL
SV26-0317,10-numeric-file-logic,/studio/survey/{surveyId}/design,跳转目标,合法配置保留；越界/不完整显示具体诊断；显示/跳转规则只能引用合法题；连续图片编辑不跳题,NOT_STARTED,,No accepted execution result recorded,,,NORMAL
SV26-0318,10-numeric-file-logic,/studio/survey/{surveyId}/design,添加跳转规则,合法配置保留；越界/不完整显示具体诊断；显示/跳转规则只能引用合法题；连续图片编辑不跳题,NOT_STARTED,,No accepted execution result recorded,,,NORMAL
SV26-0319,10-numeric-file-logic,/studio/survey/{surveyId}/design,删除跳转规则,合法配置保留；越界/不完整显示具体诊断；显示/跳转规则只能引用合法题；连续图片编辑不跳题,NOT_STARTED,,No accepted execution result recorded,,,NORMAL
SV26-0321,11-templates,/studio/survey?tab={modules|reports},标签筛选,模板类型和身份正确；复制隔离源；刷新显示真实保存数据,NOT_AVAILABLE,814dc05a36e1f2645b7528b9dacc0a344ec615ae,No tag filter or template tag field rendered on current baseline; no new capability added,,template-ui-results.csv,NORMAL
SV26-0329,11-templates,/studio/survey?tab={modules|reports},空列表创建,模板类型和身份正确；复制隔离源；刷新显示真实保存数据,NOT_AVAILABLE,4c0017fd2cb42102c53b89258162a16e58ea37ab,Main review: no separate empty-result create/clearfilter control; headerNew exists; denominator retained; no capability added,library-empty-controls.txt,template-ui-results.csv,NORMAL
SV26-0330,11-templates,/studio/survey?tab={modules|reports},清除筛选,模板类型和身份正确；复制隔离源；刷新显示真实保存数据,NOT_AVAILABLE,4c0017fd2cb42102c53b89258162a16e58ea37ab,Main review: no separate empty-result create/clearfilter control; headerNew exists; denominator retained; no capability added,library-empty-controls.txt,template-ui-results.csv,NORMAL
SV26-0331,11-templates,/studio/survey?tab={modules|reports},删除模板→取消,模板仍存在,BLOCKED,814dc05a36e1f2645b7528b9dacc0a344ec615ae,Native input timeout; getJsDialog undefined; no visible deletion/cancellation result; tool close also timeout,,template-ui-results.csv,NORMAL
SV26-0332,11-templates,/studio/survey?tab={modules|reports},删除模板→确认,仅删除个人模板，不影响已应用问卷,BLOCKED,814dc05a36e1f2645b7528b9dacc0a344ec615ae,"Specific action-time human confirmation applies only to oldf8b70, not new15d1; no irreversible acceptance",,template-ui-results.csv,NEEDS_ACTION_TIME_CONFIRMATION
SV26-0336,12-template-editor,/studio/survey/{question-templates|templates}/{templateId},模板标签,编辑保存刷新一致；内置模板不可原地改；题目/报告复用编辑器动作按该路由再验证,NOT_AVAILABLE,814dc05a36e1f2645b7528b9dacc0a344ec615ae,No tag filter or template tag field rendered on current baseline; no new capability added,,template-ui-results.csv,NORMAL
SV26-0344,12-template-editor,/studio/survey/{question-templates|templates}/{templateId},使用此模板,编辑保存刷新一致；内置模板不可原地改；题目/报告复用编辑器动作按该路由再验证,NOT_AVAILABLE,4c0017fd2cb42102c53b89258162a16e58ea37ab,"Main independent review: no use-this-template control in either editor; library use is separate; denominator retained, no added feature",template-editor-use-absence.txt,template-ui-results.csv,NORMAL
SV26-0345,13-apply-save-问卷,/studio/survey/{surveyId}/design,使用问卷模板,来源模板不变；显式绑定目的questionIds；加载失败可重试；保存后库中真实存在,NOT_AVAILABLE,814dc05a36e1f2645b7528b9dacc0a344ec615ae,Current main menu exposes only保存为问卷模板; no use-question-template chooser/apply/mapping/replacement controls; library create-from-template is separate existing capability,template-unbind-main-design-error.png,template-ui-results.csv,NORMAL
SV26-0346,13-apply-save-问卷,/studio/survey/{surveyId}/design,选择问卷模板,来源模板不变；显式绑定目的questionIds；加载失败可重试；保存后库中真实存在,NOT_AVAILABLE,814dc05a36e1f2645b7528b9dacc0a344ec615ae,Current main menu exposes only保存为问卷模板; no use-question-template chooser/apply/mapping/replacement controls; library create-from-template is separate existing capability,template-unbind-main-design-error.png,template-ui-results.csv,NORMAL
SV26-0347,13-apply-save-问卷,/studio/survey/{surveyId}/design,对应题目映射,来源模板不变；显式绑定目的questionIds；加载失败可重试；保存后库中真实存在,NOT_AVAILABLE,814dc05a36e1f2645b7528b9dacc0a344ec615ae,Current main menu exposes only保存为问卷模板; no use-question-template chooser/apply/mapping/replacement controls; library create-from-template is separate existing capability,template-unbind-main-design-error.png,template-ui-results.csv,NORMAL
SV26-0348,13-apply-save-问卷,/studio/survey/{surveyId}/design,应用模板→取消替换,来源模板不变；显式绑定目的questionIds；加载失败可重试；保存后库中真实存在,NOT_AVAILABLE,814dc05a36e1f2645b7528b9dacc0a344ec615ae,Current main menu exposes only保存为问卷模板; no use-question-template chooser/apply/mapping/replacement controls; library create-from-template is separate existing capability,template-unbind-main-design-error.png,template-ui-results.csv,NORMAL
SV26-0349,13-apply-save-问卷,/studio/survey/{surveyId}/design,应用模板→确认替换,来源模板不变；显式绑定目的questionIds；加载失败可重试；保存后库中真实存在,NOT_AVAILABLE,814dc05a36e1f2645b7528b9dacc0a344ec615ae,Current main menu exposes only保存为问卷模板; no use-question-template chooser/apply/mapping/replacement controls; library create-from-template is separate existing capability,template-unbind-main-design-error.png,template-ui-results.csv,NORMAL
SV26-0354,13-apply-save-问卷,/studio/survey/{surveyId}/design,模板加载错误重试,来源模板不变；显式绑定目的questionIds；加载失败可重试；保存后库中真实存在,NOT_AVAILABLE,4c0017fd2cb42102c53b89258162a16e58ea37ab,Main independent NA ACCEPT644a5d578: design question saveOnly has no reachable use/load/retry branch; excludes library/report retry; denominator retained,question-template-retry-absence.txt,template-ui-results.csv,NORMAL
SV26-0358,13-apply-save-报告,/studio/survey/{surveyId}/template,应用模板→取消替换,来源模板不变；显式绑定目的questionIds；加载失败可重试；保存后库中真实存在,NOT_STARTED,814dc05a36e1f2645b7528b9dacc0a344ec615ae,不沿用旧SHA或单测结果；等待UI恢复和相应前置条件,,template-ui-results.csv,NORMAL
SV26-0359,13-apply-save-报告,/studio/survey/{surveyId}/template,应用模板→确认替换,来源模板不变；显式绑定目的questionIds；加载失败可重试；保存后库中真实存在,NOT_STARTED,814dc05a36e1f2645b7528b9dacc0a344ec615ae,不沿用旧SHA或单测结果；等待UI恢复和相应前置条件,,template-ui-results.csv,NORMAL
SV26-0368,14-report-design,/studio/survey/{surveyId}/template,导出模板JSON,配置/顺序正确；无效输入有诊断；JSON实际下载读取；导入保留合法内容；刷新保持,BLOCKED,814dc05a36e1f2645b7528b9dacc0a344ec615ae,Download event unavailable/timed out 12s; no bytes received; no PASS inferred,,template-ui-results.csv,NORMAL
SV26-0438,14-report-design,/studio/survey/{surveyId}/template,分页：配置并预览,对应块类型、内容、数据、顺序正确；边界禁用；保存刷新保持,NOT_STARTED,814dc05a36e1f2645b7528b9dacc0a344ec615ae,Current captured article lacks visible pagination identity; require explicit break-layout evidence before PASS,,template-ui-results.csv,NORMAL
SV26-0443,15-publish,/studio/survey/{surveyId}/publish,截止时间,服务端原子验证；状态只来自返回值；链接/冻结设置一致；截止/限答执行；旧批次与答卷不变,NOT_STARTED,,No accepted execution result recorded,,,NORMAL
SV26-0444,15-publish,/studio/survey/{surveyId}/publish,开始回收：draft,服务端原子验证；状态只来自返回值；链接/冻结设置一致；截止/限答执行；旧批次与答卷不变,NOT_STARTED,,No accepted execution result recorded,,,NORMAL
SV26-0445,15-publish,/studio/survey/{surveyId}/publish,开始回收：ready,服务端原子验证；状态只来自返回值；链接/冻结设置一致；截止/限答执行；旧批次与答卷不变,NOT_STARTED,,No accepted execution result recorded,,,NORMAL
SV26-0446,15-publish,/studio/survey/{surveyId}/publish,开始回收：dirty-ready模板,服务端原子验证；状态只来自返回值；链接/冻结设置一致；截止/限答执行；旧批次与答卷不变,NOT_STARTED,,No accepted execution result recorded,,,NORMAL
SV26-0447,15-publish,/studio/survey/{surveyId}/publish,返回编辑,服务端原子验证；状态只来自返回值；链接/冻结设置一致；截止/限答执行；旧批次与答卷不变,NOT_STARTED,,No accepted execution result recorded,,,NORMAL
SV26-0448,15-publish,/studio/survey/{surveyId}/publish,答题链接只读,服务端原子验证；状态只来自返回值；链接/冻结设置一致；截止/限答执行；旧批次与答卷不变,NOT_STARTED,,No accepted execution result recorded,,,NORMAL
SV26-0449,15-publish,/studio/survey/{surveyId}/publish,复制答题链接,服务端原子验证；状态只来自返回值；链接/冻结设置一致；截止/限答执行；旧批次与答卷不变,NOT_STARTED,,No accepted execution result recorded,,,NORMAL
SV26-0450,15-publish,/studio/survey/{surveyId}/publish,停止回收,服务端原子验证；状态只来自返回值；链接/冻结设置一致；截止/限答执行；旧批次与答卷不变,NOT_STARTED,,No accepted execution result recorded,,,NORMAL
SV26-0451,15-publish,/studio/survey/{surveyId}/publish,再次发布,服务端原子验证；状态只来自返回值；链接/冻结设置一致；截止/限答执行；旧批次与答卷不变,NOT_STARTED,,No accepted execution result recorded,,,NORMAL
SV26-0452,15-publish,/studio/survey/{surveyId}/publish,匿名填写：发布前开,服务端原子验证；状态只来自返回值；链接/冻结设置一致；截止/限答执行；旧批次与答卷不变,NOT_STARTED,,No accepted execution result recorded,,,NORMAL
SV26-0453,15-publish,/studio/survey/{surveyId}/publish,匿名填写：发布前关,服务端原子验证；状态只来自返回值；链接/冻结设置一致；截止/限答执行；旧批次与答卷不变,NOT_STARTED,,No accepted execution result recorded,,,NORMAL
SV26-0454,15-publish,/studio/survey/{surveyId}/publish,匿名填写：发布后锁定,服务端原子验证；状态只来自返回值；链接/冻结设置一致；截止/限答执行；旧批次与答卷不变,NOT_STARTED,,No accepted execution result recorded,,,NORMAL
SV26-0455,15-publish,/studio/survey/{surveyId}/publish,同一浏览器限答一次,服务端原子验证；状态只来自返回值；链接/冻结设置一致；截止/限答执行；旧批次与答卷不变,NOT_STARTED,,No accepted execution result recorded,,,NORMAL
SV26-0456,15-publish,/studio/survey/{surveyId}/publish,成功页 Markdown,服务端原子验证；状态只来自返回值；链接/冻结设置一致；截止/限答执行；旧批次与答卷不变,NOT_STARTED,,No accepted execution result recorded,,,NORMAL
SV26-0457,15-publish,/studio/survey/{surveyId}/publish,预览成功页,服务端原子验证；状态只来自返回值；链接/冻结设置一致；截止/限答执行；旧批次与答卷不变,NOT_STARTED,,No accepted execution result recorded,,,NORMAL
SV26-0458,15-publish,/studio/survey/{surveyId}/publish,回收批次选择,服务端原子验证；状态只来自返回值；链接/冻结设置一致；截止/限答执行；旧批次与答卷不变,NOT_STARTED,,No accepted execution result recorded,,,NORMAL
SV26-0459,15-publish,/studio/survey/{surveyId}/publish,历史批次只读,服务端原子验证；状态只来自返回值；链接/冻结设置一致；截止/限答执行；旧批次与答卷不变,NOT_STARTED,,No accepted execution result recorded,,,NORMAL
SV26-0460,15-publish,/studio/survey/{surveyId}/publish,匿名填写：发布后需要修改,按#5067当前需求/权限证据判定；不推断签核,NOT_STARTED,,No accepted execution result recorded,,,PARENT_VERIFY_5067
SV26-0461,15-publish,/studio/survey/{surveyId}/publish,匿名身份/公开返回字段隐私反证,按#5067当前需求/权限证据判定；不推断签核,NOT_STARTED,,No accepted execution result recorded,,,PARENT_VERIFY_5067
SV26-0462,16-public,/surveys/{token},必答为空提交,无效不入库；合法唯一持久化；逻辑/分页正确；关闭/截止拒绝；成功页不执行不安全HTML,NOT_STARTED,,No accepted execution result recorded,,,NORMAL
SV26-0463,16-public,/surveys/{token},非法邮箱/手机/数字提交,无效不入库；合法唯一持久化；逻辑/分页正确；关闭/截止拒绝；成功页不执行不安全HTML,NOT_STARTED,,No accepted execution result recorded,,,NORMAL
SV26-0464,16-public,/surveys/{token},上一页,无效不入库；合法唯一持久化；逻辑/分页正确；关闭/截止拒绝；成功页不执行不安全HTML,NOT_STARTED,,No accepted execution result recorded,,,NORMAL
SV26-0465,16-public,/surveys/{token},下一页,无效不入库；合法唯一持久化；逻辑/分页正确；关闭/截止拒绝；成功页不执行不安全HTML,NOT_STARTED,,No accepted execution result recorded,,,NORMAL
SV26-0466,16-public,/surveys/{token},跳转和条件显示,无效不入库；合法唯一持久化；逻辑/分页正确；关闭/截止拒绝；成功页不执行不安全HTML,NOT_STARTED,,No accepted execution result recorded,,,NORMAL
SV26-0467,16-public,/surveys/{token},提交答卷,无效不入库；合法唯一持久化；逻辑/分页正确；关闭/截止拒绝；成功页不执行不安全HTML,NOT_STARTED,,No accepted execution result recorded,,,NORMAL
SV26-0468,16-public,/surveys/{token},重复submission重试,无效不入库；合法唯一持久化；逻辑/分页正确；关闭/截止拒绝；成功页不执行不安全HTML,NOT_STARTED,,No accepted execution result recorded,,,NORMAL
SV26-0469,16-public,/surveys/{token},同浏览器重复答卷,无效不入库；合法唯一持久化；逻辑/分页正确；关闭/截止拒绝；成功页不执行不安全HTML,NOT_STARTED,,No accepted execution result recorded,,,NORMAL
SV26-0470,16-public,/surveys/{token},成功页渲染,无效不入库；合法唯一持久化；逻辑/分页正确；关闭/截止拒绝；成功页不执行不安全HTML,NOT_STARTED,,No accepted execution result recorded,,,NORMAL
SV26-0471,16-public,/surveys/{token},已停止访问,无效不入库；合法唯一持久化；逻辑/分页正确；关闭/截止拒绝；成功页不执行不安全HTML,NOT_STARTED,,No accepted execution result recorded,,,NORMAL
SV26-0472,16-public,/surveys/{token},截止后访问,无效不入库；合法唯一持久化；逻辑/分页正确；关闭/截止拒绝；成功页不执行不安全HTML,NOT_STARTED,,No accepted execution result recorded,,,NORMAL
SV26-0473,16-public,/surveys/{token},多份答卷独立提交,无效不入库；合法唯一持久化；逻辑/分页正确；关闭/截止拒绝；成功页不执行不安全HTML,NOT_STARTED,,No accepted execution result recorded,,,NORMAL
SV26-0474,17-upload-signature,/surveys/{token},选择文件,真实上传/删除；限制执行；签名成为持久附件；提交后后台可下载；禁用状态正确,NOT_STARTED,,No accepted execution result recorded,,,NORMAL
SV26-0475,17-upload-signature,/surveys/{token},文件超大小,真实上传/删除；限制执行；签名成为持久附件；提交后后台可下载；禁用状态正确,NOT_STARTED,,No accepted execution result recorded,,,NORMAL
SV26-0476,17-upload-signature,/surveys/{token},文件禁用格式,真实上传/删除；限制执行；签名成为持久附件；提交后后台可下载；禁用状态正确,NOT_STARTED,,No accepted execution result recorded,,,NORMAL
SV26-0477,17-upload-signature,/surveys/{token},多文件数量上限,真实上传/删除；限制执行；签名成为持久附件；提交后后台可下载；禁用状态正确,NOT_STARTED,,No accepted execution result recorded,,,NORMAL
SV26-0478,17-upload-signature,/surveys/{token},重试上传,真实上传/删除；限制执行；签名成为持久附件；提交后后台可下载；禁用状态正确,NOT_STARTED,,No accepted execution result recorded,,,NORMAL
SV26-0479,17-upload-signature,/surveys/{token},删除已上传材料,真实上传/删除；限制执行；签名成为持久附件；提交后后台可下载；禁用状态正确,NOT_STARTED,,No accepted execution result recorded,,,NORMAL
SV26-0480,17-upload-signature,/surveys/{token},手写签名画布,真实上传/删除；限制执行；签名成为持久附件；提交后后台可下载；禁用状态正确,NOT_STARTED,,No accepted execution result recorded,,,NORMAL
SV26-0481,17-upload-signature,/surveys/{token},键入签名,真实上传/删除；限制执行；签名成为持久附件；提交后后台可下载；禁用状态正确,NOT_STARTED,,No accepted execution result recorded,,,NORMAL
SV26-0482,17-upload-signature,/surveys/{token},清除签名草稿,真实上传/删除；限制执行；签名成为持久附件；提交后后台可下载；禁用状态正确,NOT_STARTED,,No accepted execution result recorded,,,NORMAL
SV26-0483,17-upload-signature,/surveys/{token},保存签名,真实上传/删除；限制执行；签名成为持久附件；提交后后台可下载；禁用状态正确,NOT_STARTED,,No accepted execution result recorded,,,NORMAL
SV26-0484,17-upload-signature,/surveys/{token},无签名保存拒绝,真实上传/删除；限制执行；签名成为持久附件；提交后后台可下载；禁用状态正确,NOT_STARTED,,No accepted execution result recorded,,,NORMAL
SV26-0485,18-responses,/studio/survey/{surveyId}/responses,全部,筛选/分页/指标对应真实数据；治理记录保留；排除不删答卷；导出实际文件内容正确且仅所选；附件鉴权,NOT_STARTED,,No accepted execution result recorded,,,NORMAL
SV26-0486,18-responses,/studio/survey/{surveyId}/responses,有效,筛选/分页/指标对应真实数据；治理记录保留；排除不删答卷；导出实际文件内容正确且仅所选；附件鉴权,NOT_STARTED,,No accepted execution result recorded,,,NORMAL
SV26-0487,18-responses,/studio/survey/{surveyId}/responses,待复核,筛选/分页/指标对应真实数据；治理记录保留；排除不删答卷；导出实际文件内容正确且仅所选；附件鉴权,NOT_STARTED,,No accepted execution result recorded,,,NORMAL
SV26-0488,18-responses,/studio/survey/{surveyId}/responses,已排除分析,筛选/分页/指标对应真实数据；治理记录保留；排除不删答卷；导出实际文件内容正确且仅所选；附件鉴权,NOT_STARTED,,No accepted execution result recorded,,,NORMAL
SV26-0489,18-responses,/studio/survey/{surveyId}/responses,搜索答卷,筛选/分页/指标对应真实数据；治理记录保留；排除不删答卷；导出实际文件内容正确且仅所选；附件鉴权,NOT_STARTED,,No accepted execution result recorded,,,NORMAL
SV26-0490,18-responses,/studio/survey/{surveyId}/responses,选择本页答卷,筛选/分页/指标对应真实数据；治理记录保留；排除不删答卷；导出实际文件内容正确且仅所选；附件鉴权,NOT_STARTED,,No accepted execution result recorded,,,NORMAL
SV26-0491,18-responses,/studio/survey/{surveyId}/responses,选择单条答卷,筛选/分页/指标对应真实数据；治理记录保留；排除不删答卷；导出实际文件内容正确且仅所选；附件鉴权,NOT_STARTED,,No accepted execution result recorded,,,NORMAL
SV26-0492,18-responses,/studio/survey/{surveyId}/responses,查看答卷详情,筛选/分页/指标对应真实数据；治理记录保留；排除不删答卷；导出实际文件内容正确且仅所选；附件鉴权,NOT_STARTED,,No accepted execution result recorded,,,NORMAL
SV26-0493,18-responses,/studio/survey/{surveyId}/responses,上一页,筛选/分页/指标对应真实数据；治理记录保留；排除不删答卷；导出实际文件内容正确且仅所选；附件鉴权,NOT_STARTED,,No accepted execution result recorded,,,NORMAL
SV26-0494,18-responses,/studio/survey/{surveyId}/responses,下一页,筛选/分页/指标对应真实数据；治理记录保留；排除不删答卷；导出实际文件内容正确且仅所选；附件鉴权,NOT_STARTED,,No accepted execution result recorded,,,NORMAL
SV26-0495,18-responses,/studio/survey/{surveyId}/responses,上一条答卷,筛选/分页/指标对应真实数据；治理记录保留；排除不删答卷；导出实际文件内容正确且仅所选；附件鉴权,NOT_STARTED,,No accepted execution result recorded,,,NORMAL
SV26-0496,18-responses,/studio/survey/{surveyId}/responses,下一条答卷,筛选/分页/指标对应真实数据；治理记录保留；排除不删答卷；导出实际文件内容正确且仅所选；附件鉴权,NOT_STARTED,,No accepted execution result recorded,,,NORMAL
SV26-0497,18-responses,/studio/survey/{surveyId}/responses,标记待复核,筛选/分页/指标对应真实数据；治理记录保留；排除不删答卷；导出实际文件内容正确且仅所选；附件鉴权,NOT_STARTED,,No accepted execution result recorded,,,NORMAL
SV26-0498,18-responses,/studio/survey/{surveyId}/responses,确认有效,筛选/分页/指标对应真实数据；治理记录保留；排除不删答卷；导出实际文件内容正确且仅所选；附件鉴权,NOT_STARTED,,No accepted execution result recorded,,,NORMAL
SV26-0499,18-responses,/studio/survey/{surveyId}/responses,排除分析原因,筛选/分页/指标对应真实数据；治理记录保留；排除不删答卷；导出实际文件内容正确且仅所选；附件鉴权,NOT_STARTED,,No accepted execution result recorded,,,NORMAL
SV26-0500,18-responses,/studio/survey/{surveyId}/responses,排除分析,筛选/分页/指标对应真实数据；治理记录保留；排除不删答卷；导出实际文件内容正确且仅所选；附件鉴权,NOT_STARTED,,No accepted execution result recorded,,,NORMAL
SV26-0501,18-responses,/studio/survey/{surveyId}/responses,重新纳入分析,筛选/分页/指标对应真实数据；治理记录保留；排除不删答卷；导出实际文件内容正确且仅所选；附件鉴权,NOT_STARTED,,No accepted execution result recorded,,,NORMAL
SV26-0502,18-responses,/studio/survey/{surveyId}/responses,收起详情,筛选/分页/指标对应真实数据；治理记录保留；排除不删答卷；导出实际文件内容正确且仅所选；附件鉴权,NOT_STARTED,,No accepted execution result recorded,,,NORMAL
SV26-0503,18-responses,/studio/survey/{surveyId}/responses,导出Markdown,筛选/分页/指标对应真实数据；治理记录保留；排除不删答卷；导出实际文件内容正确且仅所选；附件鉴权,NOT_STARTED,,No accepted execution result recorded,,,NORMAL
SV26-0504,18-responses,/studio/survey/{surveyId}/responses,导出所选Markdown,筛选/分页/指标对应真实数据；治理记录保留；排除不删答卷；导出实际文件内容正确且仅所选；附件鉴权,NOT_STARTED,,No accepted execution result recorded,,,NORMAL
SV26-0505,18-responses,/studio/survey/{surveyId}/responses,下载答卷附件,筛选/分页/指标对应真实数据；治理记录保留；排除不删答卷；导出实际文件内容正确且仅所选；附件鉴权,NOT_STARTED,,No accepted execution result recorded,,,NORMAL
SV26-0506,19-report,/studio/survey/{surveyId}/report,生成分析报告,真实报告基于当前有效答卷；过期提示正确；导出文件能打开且中文/表格/图表可读；Word验证真实OOXML与渲染,NOT_STARTED,,No accepted execution result recorded,,,NORMAL
SV26-0507,19-report,/studio/survey/{surveyId}/report,重新生成报告,真实报告基于当前有效答卷；过期提示正确；导出文件能打开且中文/表格/图表可读；Word验证真实OOXML与渲染,NOT_STARTED,,No accepted execution result recorded,,,NORMAL
SV26-0508,19-report,/studio/survey/{surveyId}/report,查看分析报告,真实报告基于当前有效答卷；过期提示正确；导出文件能打开且中文/表格/图表可读；Word验证真实OOXML与渲染,NOT_STARTED,,No accepted execution result recorded,,,NORMAL
SV26-0509,19-report,/studio/survey/{surveyId}/report,分析报告（可选）展开,真实报告基于当前有效答卷；过期提示正确；导出文件能打开且中文/表格/图表可读；Word验证真实OOXML与渲染,NOT_STARTED,,No accepted execution result recorded,,,NORMAL
SV26-0510,19-report,/studio/survey/{surveyId}/report,报告Markdown展开,真实报告基于当前有效答卷；过期提示正确；导出文件能打开且中文/表格/图表可读；Word验证真实OOXML与渲染,NOT_STARTED,,No accepted execution result recorded,,,NORMAL
SV26-0511,19-report,/studio/survey/{surveyId}/report,报告过期时导出阻断,真实报告基于当前有效答卷；过期提示正确；导出文件能打开且中文/表格/图表可读；Word验证真实OOXML与渲染,NOT_STARTED,,No accepted execution result recorded,,,NORMAL
SV26-0512,19-report,/studio/survey/{surveyId}/report,样本不足提示,真实报告基于当前有效答卷；过期提示正确；导出文件能打开且中文/表格/图表可读；Word验证真实OOXML与渲染,NOT_STARTED,,No accepted execution result recorded,,,NORMAL
SV26-0513,19-report,/studio/survey/{surveyId}/report,导出Markdown,真实报告基于当前有效答卷；过期提示正确；导出文件能打开且中文/表格/图表可读；Word验证真实OOXML与渲染,NOT_STARTED,,No accepted execution result recorded,,,NORMAL
SV26-0514,19-report,/studio/survey/{surveyId}/report,导出Word,真实报告基于当前有效答卷；过期提示正确；导出文件能打开且中文/表格/图表可读；Word验证真实OOXML与渲染,NOT_STARTED,,No accepted execution result recorded,,,NORMAL
SV26-0515,19-report,/studio/survey/{surveyId}/report,导出PDF/打印对话框,原生打印预览版式及导出实际PDF可读,NOT_STARTED,,No accepted execution result recorded,,,NATIVE_PDF_HANDOFF
SV26-0516,19-report,/studio/survey/{surveyId}/publish,二维码,明确排除，不生成PASS,EXCLUDED,,No accepted execution result recorded,,,EXCLUDED_QR
SV26-0522,20-missing-schedule,/studio/survey/{surveyId}/publish,精确开始开放,#5192原功能真实UI验收；main交付后才能点击,NOT_STARTED,,No accepted execution result recorded,,,NORMAL
SV26-0525,20-missing-schedule,/studio/survey/{surveyId}/publish,历史批次选中active时钟,#5192原功能真实UI验收；main交付后才能点击,NOT_STARTED,,No accepted execution result recorded,,,NORMAL
SV26-0526,20-missing-schedule,/studio/survey/{surveyId}/publish,再次发布独立起止,#5192原功能真实UI验收；main交付后才能点击,NOT_STARTED,,No accepted execution result recorded,,,NORMAL
SV26-0530,21-missing-unbind,/studio/survey/{surveyId}/template,解绑后题目/标签不变,#5193原功能真实UI验收；不删除库模板,NOT_STARTED,,No accepted execution result recorded,,,NORMAL
SV26-0531,21-missing-unbind,/studio/survey/{surveyId}/template,解绑后标题编辑不再撤销,#5193原功能真实UI验收；不删除库模板,NOT_STARTED,,No accepted execution result recorded,,,NORMAL
SV26-0532,21-missing-unbind,/studio/survey/{surveyId}/template,新模板应用清除旧undo,#5193原功能真实UI验收；不删除库模板,NOT_STARTED,,No accepted execution result recorded,,,NORMAL
SV26-0534,21-missing-unbind,/studio/survey/{surveyId}/template,已发布解绑保护旧快照/答卷,#5193原功能真实UI验收；不删除库模板,NOT_STARTED,,No accepted execution result recorded,,,NORMAL
SV26-0536,21-missing-unbind,/studio/survey/{surveyId}/template,空白边界标题trim roundtrip,#5193原功能真实UI验收；不删除库模板,NOT_STARTED,,No accepted execution result recorded,,,NORMAL
SV26-0537,06-editor-common,/studio/survey/{surveyId}/design,打开题目大纲,移动端面板正确打开/关闭；当前题选择及编辑保持,NOT_STARTED,,No accepted execution result recorded,,,NORMAL
SV26-0538,06-editor-common,/studio/survey/{surveyId}/design,打开题目设置,移动端面板正确打开/关闭；当前题选择及编辑保持,NOT_STARTED,,No accepted execution result recorded,,,NORMAL
SV26-0539,06-editor-common,/studio/survey/{surveyId}/design,移动面板关闭X,移动端面板正确打开/关闭；当前题选择及编辑保持,NOT_STARTED,,No accepted execution result recorded,,,NORMAL
SV26-0540,06-editor-common,/studio/survey/{surveyId}/design,移动面板关闭Escape,移动端面板正确打开/关闭；当前题选择及编辑保持,NOT_STARTED,,No accepted execution result recorded,,,NORMAL
SV26-0541,06-editor-common,/studio/survey/{surveyId}/design,移动面板外部点击关闭,移动端面板正确打开/关闭；当前题选择及编辑保持,NOT_STARTED,,No accepted execution result recorded,,,NORMAL
SV26-0542,16-public,/surveys/{token},ranking：上移选项,实际控件和值正确；限制/必答执行；后台记录相同值,NOT_STARTED,,No accepted execution result recorded,,,NORMAL
SV26-0543,16-public,/surveys/{token},ranking：下移选项,实际控件和值正确；限制/必答执行；后台记录相同值,NOT_STARTED,,No accepted execution result recorded,,,NORMAL
SV26-0544,16-public,/surveys/{token},ranking：确认当前顺序,实际控件和值正确；限制/必答执行；后台记录相同值,NOT_STARTED,,No accepted execution result recorded,,,NORMAL
SV26-0545,16-public,/surveys/{token},image_single：选择图片,实际控件和值正确；限制/必答执行；后台记录相同值,NOT_STARTED,,No accepted execution result recorded,,,NORMAL
SV26-0546,16-public,/surveys/{token},image_multi：选中/取消图片,实际控件和值正确；限制/必答执行；后台记录相同值,NOT_STARTED,,No accepted execution result recorded,,,NORMAL
SV26-0547,16-public,/surveys/{token},dropdown：打开选择,实际控件和值正确；限制/必答执行；后台记录相同值,NOT_STARTED,,No accepted execution result recorded,,,NORMAL
SV26-0548,16-public,/surveys/{token},cascade：切换上级清空下级,实际控件和值正确；限制/必答执行；后台记录相同值,NOT_STARTED,,No accepted execution result recorded,,,NORMAL
SV26-0549,16-public,/surveys/{token},multi：其他说明,实际控件和值正确；限制/必答执行；后台记录相同值,NOT_STARTED,,No accepted execution result recorded,,,NORMAL
SV26-0550,16-public,/surveys/{token},single：其他说明,实际控件和值正确；限制/必答执行；后台记录相同值,NOT_STARTED,,No accepted execution result recorded,,,NORMAL
SV26-0551,22-source-labelled-controls,/studio/survey/{surveyId}/design,题型,在对应前置场景展开控件；输入/点击产生源代码规定的状态，保存刷新或后台读回验证,NOT_STARTED,,No accepted execution result recorded,,,NORMAL
SV26-0552,22-source-labelled-controls,/studio/survey/new/import,上传问卷文件,在对应前置场景展开控件；输入/点击产生源代码规定的状态，保存刷新或后台读回验证,NOT_STARTED,,No accepted execution result recorded,,,NORMAL
SV26-0553,22-source-labelled-controls,/studio/survey/new/import,AI 提案 Markdown,在对应前置场景展开控件；输入/点击产生源代码规定的状态，保存刷新或后台读回验证,NOT_STARTED,,No accepted execution result recorded,,,NORMAL
SV26-0554,22-source-labelled-controls,/studio/survey/{surveyId}/publish,远端 Markdown,在对应前置场景展开控件；输入/点击产生源代码规定的状态，保存刷新或后台读回验证,NOT_STARTED,,No accepted execution result recorded,,,NORMAL
SV26-0555,22-source-labelled-controls,/studio/survey/{surveyId}/publish,答题链接,在对应前置场景展开控件；输入/点击产生源代码规定的状态，保存刷新或后台读回验证,NOT_STARTED,,No accepted execution result recorded,,,NORMAL
SV26-0556,22-source-labelled-controls,/studio/survey/{surveyId}/publish,回收批次,在对应前置场景展开控件；输入/点击产生源代码规定的状态，保存刷新或后台读回验证,NOT_STARTED,,No accepted execution result recorded,,,NORMAL
SV26-0557,22-source-labelled-controls,/studio/survey/{surveyId}/publish,报告 Markdown,在对应前置场景展开控件；输入/点击产生源代码规定的状态，保存刷新或后台读回验证,NOT_STARTED,,No accepted execution result recorded,,,NORMAL
SV26-0558,22-source-labelled-controls,/studio/survey/{surveyId}/template,导入模板文件,在对应前置场景展开控件；输入/点击产生源代码规定的状态，保存刷新或后台读回验证,NOT_STARTED,,No accepted execution result recorded,,,NORMAL
