id,status,source_sha,action,result,evidence
SV26-0320,PASS,814dc05a36e1f2645b7528b9dacc0a344ec615ae,Search 组织画像; copy built-in; edit personal title/description; save; reload; report tab,Search narrowed to profile; copy created without source modification; fields persisted; report editor rendered,template-saved.png
SV26-0321,NOT_AVAILABLE,814dc05a36e1f2645b7528b9dacc0a344ec615ae,Full actual template library/editor accessibility observation,No tag filter or template tag field rendered on current baseline; no new capability added,
SV26-0322,PASS,4c0017fd2cb42102c53b89258162a16e58ea37ab,Actual new template7220 Save/sameURL reload/library,"Main independent review ACCEPT39458e219; source unchanged limited visible cardtext, not full underlying bytes",library-new-template.txt
SV26-0323,PASS,4c0017fd2cb42102c53b89258162a16e58ea37ab,Actual report save name/confirm; library search/refresh; editor question tab; save independent copy; reload; source preserved,Independent review accepted visible report template path; 20 reference questions and7sections; no all-fields/storage-isolation assertion,report-save-library.txt;report-save-library.png
SV26-0324,PASS,814dc05a36e1f2645b7528b9dacc0a344ec615ae,Reopen exact builtin-profile after copying/editing personal36fc,"Original builtin title组织画像, description职责层级、业务领域与组织规模 and3questions preserved; edits only personal copy",template-builtin-preserved.png
SV26-0325,PASS,814dc05a36e1f2645b7528b9dacc0a344ec615ae,Reopen exact builtin-profile after copying/editing personal36fc,"Original builtin title组织画像, description职责层级、业务领域与组织规模 and3questions preserved; edits only personal copy",template-builtin-preserved.png
SV26-0326,PASS,4c0017fd2cb42102c53b89258162a16e58ea37ab,Actual builtin teamhealth use→independent268f/design reload20q/report7sections/sourcecard,"Main independent review ACCEPT39458e219; source unchanged limited visible cardtext, not full underlying bytes",library-builtin-use.txt;library-source-preserved.png
SV26-0327,PASS,814dc05a36e1f2645b7528b9dacc0a344ec615ae,Search 组织画像; copy built-in; edit personal title/description; save; reload; report tab,Search narrowed to profile; copy created without source modification; fields persisted; report editor rendered,template-saved.png
SV26-0328,PASS,814dc05a36e1f2645b7528b9dacc0a344ec615ae,Click personal copy button,New15d1 template copy with3questions/1report appeared alongside source85de; source retained,
SV26-0329,NOT_AVAILABLE,4c0017fd2cb42102c53b89258162a16e58ea37ab,Actual modules/reports no-match search and full DOM controls,Main review: no separate empty-result create/clearfilter control; headerNew exists; denominator retained; no capability added,library-empty-controls.txt
SV26-0330,NOT_AVAILABLE,4c0017fd2cb42102c53b89258162a16e58ea37ab,Actual modules/reports no-match search and full DOM controls,Main review: no separate empty-result create/clearfilter control; headerNew exists; denominator retained; no capability added,library-empty-controls.txt
SV26-0331,BLOCKED,814dc05a36e1f2645b7528b9dacc0a344ec615ae,Actual delete control invoked for new owned15d1 copy; cancellation never proved,Native input timeout; getJsDialog undefined; no visible deletion/cancellation result; tool close also timeout,
SV26-0332,BLOCKED,814dc05a36e1f2645b7528b9dacc0a344ec615ae,New owned copy permanent deletion not executed,"Specific action-time human confirmation applies only to oldf8b70, not new15d1; no irreversible acceptance",
SV26-0333,PASS,814dc05a36e1f2645b7528b9dacc0a344ec615ae,Return list; select section; copy section; move up/down; delete copy,3→2 sections confirmed after native timeout; source retained,
SV26-0334,PASS,814dc05a36e1f2645b7528b9dacc0a344ec615ae,Search 组织画像; copy built-in; edit personal title/description; save; reload; report tab,Search narrowed to profile; copy created without source modification; fields persisted; report editor rendered,template-saved.png
SV26-0335,PASS,814dc05a36e1f2645b7528b9dacc0a344ec615ae,Search 组织画像; copy built-in; edit personal title/description; save; reload; report tab,Search narrowed to profile; copy created without source modification; fields persisted; report editor rendered,template-saved.png
SV26-0336,NOT_AVAILABLE,814dc05a36e1f2645b7528b9dacc0a344ec615ae,Full actual template library/editor accessibility observation,No tag filter or template tag field rendered on current baseline; no new capability added,
SV26-0337,PASS,4c0017fd2cb42102c53b89258162a16e58ea37ab,Actual report save name/confirm; library search/refresh; editor question tab; save independent copy; reload; source preserved,Independent review accepted visible report template path; 20 reference questions and7sections; no all-fields/storage-isolation assertion,report-save-library.txt;report-save-library.png
SV26-0338,PASS,814dc05a36e1f2645b7528b9dacc0a344ec615ae,Search 组织画像; copy built-in; edit personal title/description; save; reload; report tab,Search narrowed to profile; copy created without source modification; fields persisted; report editor rendered,template-saved.png
SV26-0339,PASS,814dc05a36e1f2645b7528b9dacc0a344ec615ae,Search 组织画像; copy built-in; edit personal title/description; save; reload; report tab,Search narrowed to profile; copy created without source modification; fields persisted; report editor rendered,template-saved.png
SV26-0340,PASS,814dc05a36e1f2645b7528b9dacc0a344ec615ae,Adjust builtin name in local editor; save as my template; reload,Independent personal template URL and synthetic title persist; builtin original preserved,
SV26-0341,PASS,4c0017fd2cb42102c53b89258162a16e58ea37ab,Actual report save name/confirm; library search/refresh; editor question tab; save independent copy; reload; source preserved,Independent review accepted visible report template path; 20 reference questions and7sections; no all-fields/storage-isolation assertion,report-save-library.txt;report-save-library.png
SV26-0342,PASS,814dc05a36e1f2645b7528b9dacc0a344ec615ae,Actual dirty title shown; refresh click started; native confirm captured and dismissed,Dirty title retained and unsaved status shown after dismiss,
SV26-0343,PASS,814dc05a36e1f2645b7528b9dacc0a344ec615ae,Actual dirty refresh native confirm captured and accepted; final load observed,Stored copy title restored; saved imported report title retained; disabled save confirms clean state,template-refresh-restored.png
SV26-0344,NOT_AVAILABLE,4c0017fd2cb42102c53b89258162a16e58ea37ab,Observe complete button lists in both question/report template editor routes,"Main independent review: no use-this-template control in either editor; library use is separate; denominator retained, no added feature",template-editor-use-absence.txt
SV26-0350,PASS,4c0017fd2cb42102c53b89258162a16e58ea37ab,Actual save questionnaire template/name/confirm; library→editor→sameURL reload,Main independent review ACCEPT actual23f816f9 20questions7chapters persisted; QA commit distinct from runtime source,question-save-library.txt;question-save-library.png
SV26-0351,PASS,4c0017fd2cb42102c53b89258162a16e58ea37ab,Actual save questionnaire template/name/confirm; library→editor→sameURL reload,Main independent review ACCEPT actual23f816f9 20questions7chapters persisted; QA commit distinct from runtime source,question-save-library.txt;question-save-library.png
SV26-0352,PASS,4c0017fd2cb42102c53b89258162a16e58ea37ab,Actual save questionnaire template/name/confirm; library→editor→sameURL reload,Main independent review ACCEPT actual23f816f9 20questions7chapters persisted; QA commit distinct from runtime source,question-save-library.txt;question-save-library.png
SV26-0353,PASS,4c0017fd2cb42102c53b89258162a16e58ea37ab,Fill cancel marker then close; same source URL and whole visible main; compare library text/href17; reopen defaultname,Main independent review ACCEPT51fbb8053 evidence; no created template or source visible content change,question-close-preserved.txt;question-close-reopened.png
SV26-0354,NOT_STARTED,814dc05a36e1f2645b7528b9dacc0a344ec615ae,尚未真实执行：模板加载错误重试,不沿用旧SHA或单测结果；等待UI恢复和相应前置条件,
SV26-0355,PASS,814dc05a36e1f2645b7528b9dacc0a344ec615ae,Open report template chooser; select team template; map first question; close,Mapping select accepted; incomplete mapping kept apply disabled; closing preserved original template,
SV26-0356,PASS,814dc05a36e1f2645b7528b9dacc0a344ec615ae,Open report template chooser; select team template; map first question; close,Mapping select accepted; incomplete mapping kept apply disabled; closing preserved original template,
SV26-0357,PASS,814dc05a36e1f2645b7528b9dacc0a344ec615ae,Open report template chooser; select team template; map first question; close,Mapping select accepted; incomplete mapping kept apply disabled; closing preserved original template,
SV26-0358,NOT_STARTED,814dc05a36e1f2645b7528b9dacc0a344ec615ae,尚未真实执行：应用模板→取消替换,不沿用旧SHA或单测结果；等待UI恢复和相应前置条件,
SV26-0359,NOT_STARTED,814dc05a36e1f2645b7528b9dacc0a344ec615ae,尚未真实执行：应用模板→确认替换,不沿用旧SHA或单测结果；等待UI恢复和相应前置条件,
SV26-0360,PASS,4c0017fd2cb42102c53b89258162a16e58ea37ab,Actual report save name/confirm; library search/refresh; editor question tab; save independent copy; reload; source preserved,Independent review accepted visible report template path; 20 reference questions and7sections; no all-fields/storage-isolation assertion,report-save-library.txt;report-save-library.png
SV26-0361,PASS,4c0017fd2cb42102c53b89258162a16e58ea37ab,Actual report save name/confirm; library search/refresh; editor question tab; save independent copy; reload; source preserved,Independent review accepted visible report template path; 20 reference questions and7sections; no all-fields/storage-isolation assertion,report-save-library.txt;report-save-library.png
SV26-0362,PASS,4c0017fd2cb42102c53b89258162a16e58ea37ab,Actual report save name/confirm; library search/refresh; editor question tab; save independent copy; reload; source preserved,Independent review accepted visible report template path; 20 reference questions and7sections; no all-fields/storage-isolation assertion,report-save-library.txt;report-save-library.png
SV26-0363,PASS,814dc05a36e1f2645b7528b9dacc0a344ec615ae,Open report template chooser; select team template; map first question; close,Mapping select accepted; incomplete mapping kept apply disabled; closing preserved original template,
SV26-0364,NOT_STARTED,814dc05a36e1f2645b7528b9dacc0a344ec615ae,尚未真实执行：模板加载错误重试,不沿用旧SHA或单测结果；等待UI恢复和相应前置条件,
SV26-0365,PASS,814dc05a36e1f2645b7528b9dacc0a344ec615ae,Edit report/section/title/body/caption; toggle interpretation; add/copy/move/delete text block; save,2 sections and 1 retained text block; native delete click timed out but subsequent fresh UI proved deletion,
SV26-0366,PASS,814dc05a36e1f2645b7528b9dacc0a344ec615ae,Open full report preview and return to editing,Synthetic text body and pagination rendered; statistical sections explicitly no data,template-zero-sample-preview.png
SV26-0367,PASS,814dc05a36e1f2645b7528b9dacc0a344ec615ae,Open full report preview and return to editing,Synthetic text body and pagination rendered; statistical sections explicitly no data,template-zero-sample-preview.png
SV26-0368,BLOCKED,814dc05a36e1f2645b7528b9dacc0a344ec615ae,Click export after arming real download event,Download event unavailable/timed out 12s; no bytes received; no PASS inferred,
SV26-0369,PASS,814dc05a36e1f2645b7528b9dacc0a344ec615ae,Filechooser upload valid JSON; actual confirm accepted; save; reload,One imported section/body/report title persisted after reload,template-valid-import-persisted.png
SV26-0370,PASS,814dc05a36e1f2645b7528b9dacc0a344ec615ae,Actual filechooser upload invalid JSON into dedicated copy,Visible format validation alert; original2sections/9blocks retained,template-invalid-import.png
SV26-0371,PASS,814dc05a36e1f2645b7528b9dacc0a344ec615ae,Return list; select section; copy section; move up/down; delete copy,3→2 sections confirmed after native timeout; source retained,
SV26-0372,PASS,814dc05a36e1f2645b7528b9dacc0a344ec615ae,Edit report/section/title/body/caption; toggle interpretation; add/copy/move/delete text block; save,2 sections and 1 retained text block; native delete click timed out but subsequent fresh UI proved deletion,
SV26-0373,PASS,814dc05a36e1f2645b7528b9dacc0a344ec615ae,Edit report/section/title/body/caption; toggle interpretation; add/copy/move/delete text block; save,2 sections and 1 retained text block; native delete click timed out but subsequent fresh UI proved deletion,
SV26-0374,PASS,814dc05a36e1f2645b7528b9dacc0a344ec615ae,Edit report/section/title/body/caption; toggle interpretation; add/copy/move/delete text block; save,2 sections and 1 retained text block; native delete click timed out but subsequent fresh UI proved deletion,
SV26-0375,PASS,814dc05a36e1f2645b7528b9dacc0a344ec615ae,Return list; select section; copy section; move up/down; delete copy,3→2 sections confirmed after native timeout; source retained,
SV26-0376,PASS,4c0017fd2cb42102c53b89258162a16e58ea37ab,"Exact questionnaire route: identity-specific move, explicit Save, reload for each of six controls",Independently accepted normal move/persistence. Real public UI valid response43233e54; q3mean4/n1 verified in actual preview. API5eff compatible. No all-boundary/statistical-representativeness claim.,questionnaire-report-identity-order.txt;questionnaire-report-real-preview.txt;questionnaire-report-kpi4-n1.png;report-real-answer-success.png
SV26-0377,PASS,4c0017fd2cb42102c53b89258162a16e58ea37ab,"Exact questionnaire route: identity-specific move, explicit Save, reload for each of six controls",Independently accepted normal move/persistence. Real public UI valid response43233e54; q3mean4/n1 verified in actual preview. API5eff compatible. No all-boundary/statistical-representativeness claim.,questionnaire-report-identity-order.txt;questionnaire-report-real-preview.txt;questionnaire-report-kpi4-n1.png;report-real-answer-success.png
SV26-0378,PASS,814dc05a36e1f2645b7528b9dacc0a344ec615ae,Return list; select section; copy section; move up/down; delete copy,3→2 sections confirmed after native timeout; source retained,
SV26-0379,PASS,814dc05a36e1f2645b7528b9dacc0a344ec615ae,Edit report/section/title/body/caption; toggle interpretation; add/copy/move/delete text block; save,2 sections and 1 retained text block; native delete click timed out but subsequent fresh UI proved deletion,
SV26-0380,PASS,814dc05a36e1f2645b7528b9dacc0a344ec615ae,Edit report/section/title/body/caption; toggle interpretation; add/copy/move/delete text block; save,2 sections and 1 retained text block; native delete click timed out but subsequent fresh UI proved deletion,
SV26-0381,PASS,814dc05a36e1f2645b7528b9dacc0a344ec615ae,Edit HTTPS image URL and native target=4; save/reload,Both configured values persisted after reload; image rendering not claimed,
SV26-0382,PASS,814dc05a36e1f2645b7528b9dacc0a344ec615ae,"Change binding, proportion metric, grouping, all-response scope and minimum group=2",Controls visibly accepted; no samples warning honest,
SV26-0383,PASS,814dc05a36e1f2645b7528b9dacc0a344ec615ae,"Change binding, proportion metric, grouping, all-response scope and minimum group=2",Controls visibly accepted; no samples warning honest,
SV26-0384,PASS,814dc05a36e1f2645b7528b9dacc0a344ec615ae,"Change binding, proportion metric, grouping, all-response scope and minimum group=2",Controls visibly accepted; no samples warning honest,
SV26-0385,PASS,814dc05a36e1f2645b7528b9dacc0a344ec615ae,"Change binding, proportion metric, grouping, all-response scope and minimum group=2",Controls visibly accepted; no samples warning honest,
SV26-0386,PASS,814dc05a36e1f2645b7528b9dacc0a344ec615ae,Set minimum sample 10 via native input and save/reload,Minimum 5 enforced; 10 persisted after save/reload,
SV26-0387,PASS,814dc05a36e1f2645b7528b9dacc0a344ec615ae,Edit HTTPS image URL and native target=4; save/reload,Both configured values persisted after reload; image rendering not claimed,
SV26-0388,PASS,814dc05a36e1f2645b7528b9dacc0a344ec615ae,Edit report/section/title/body/caption; toggle interpretation; add/copy/move/delete text block; save,2 sections and 1 retained text block; native delete click timed out but subsequent fresh UI proved deletion,
SV26-0389,PASS,814dc05a36e1f2645b7528b9dacc0a344ec615ae,Edit report/section/title/body/caption; toggle interpretation; add/copy/move/delete text block; save,2 sections and 1 retained text block; native delete click timed out but subsequent fresh UI proved deletion,
SV26-0390,PASS,4c0017fd2cb42102c53b89258162a16e58ea37ab,"Correct questionnaire route: configure true UI answer mappings, Save, reload, complete report preview","Independent review accepted: text body, KPI4/n1, tablechoice1/n1others0, radar444, trendUTC2026-10-03point4, gap current4/target5/difference1/n1. Specific synthetic sample only; no other control/all-boundary/general-population claims.",questionnaire-report-charts.txt;questionnaire-report-real-preview.txt;questionnaire-report-kpi4-n1.png;questionnaire-report-radar444.png;questionnaire-report-table1.png;questionnaire-report-trend4.png;questionnaire-report-gap1.png;report-real-answer-success.png
SV26-0391,PASS,814dc05a36e1f2645b7528b9dacc0a344ec615ae,Edit report/section/title/body/caption; toggle interpretation; add/copy/move/delete text block; save,2 sections and 1 retained text block; native delete click timed out but subsequent fresh UI proved deletion,
SV26-0392,PASS,4c0017fd2cb42102c53b89258162a16e58ea37ab,"Exact questionnaire route: identity-specific move, explicit Save, reload for each of six controls",Independently accepted normal move/persistence. Real public UI valid response43233e54; q3mean4/n1 verified in actual preview. API5eff compatible. No all-boundary/statistical-representativeness claim.,questionnaire-report-identity-order.txt;questionnaire-report-real-preview.txt;questionnaire-report-kpi4-n1.png;report-real-answer-success.png
SV26-0393,PASS,4c0017fd2cb42102c53b89258162a16e58ea37ab,"Exact questionnaire route: identity-specific move, explicit Save, reload for each of six controls",Independently accepted normal move/persistence. Real public UI valid response43233e54; q3mean4/n1 verified in actual preview. API5eff compatible. No all-boundary/statistical-representativeness claim.,questionnaire-report-identity-order.txt;questionnaire-report-real-preview.txt;questionnaire-report-kpi4-n1.png;report-real-answer-success.png
SV26-0394,PASS,814dc05a36e1f2645b7528b9dacc0a344ec615ae,Edit report/section/title/body/caption; toggle interpretation; add/copy/move/delete text block; save,2 sections and 1 retained text block; native delete click timed out but subsequent fresh UI proved deletion,
SV26-0395,PASS,814dc05a36e1f2645b7528b9dacc0a344ec615ae,Each add button clicked; saved source36fc; actual reload and section selection,Nine exact types persisted: text/KPI/table/bar/radar/trend/gap/image/page; no data rendering claimed,template-nine-blocks-persisted.png;template-nine-blocks-persisted.txt
SV26-0396,PASS,4c0017fd2cb42102c53b89258162a16e58ea37ab,"Correct questionnaire route: configure true UI answer mappings, Save, reload, complete report preview","Independent review accepted: text body, KPI4/n1, tablechoice1/n1others0, radar444, trendUTC2026-10-03point4, gap current4/target5/difference1/n1. Specific synthetic sample only; no other control/all-boundary/general-population claims.",questionnaire-report-charts.txt;questionnaire-report-real-preview.txt;questionnaire-report-kpi4-n1.png;questionnaire-report-radar444.png;questionnaire-report-table1.png;questionnaire-report-trend4.png;questionnaire-report-gap1.png;report-real-answer-success.png
SV26-0397,PASS,814dc05a36e1f2645b7528b9dacc0a344ec615ae,Add KPI; bind first question; copy; native move up/down; delete copied block,Fresh snapshot proves 3→2 blocks with original KPI retained,
SV26-0398,PASS,4c0017fd2cb42102c53b89258162a16e58ea37ab,"Exact questionnaire route: identity-specific move, explicit Save, reload for each of six controls",Independently accepted normal move/persistence. Real public UI valid response43233e54; q3mean4/n1 verified in actual preview. API5eff compatible. No all-boundary/statistical-representativeness claim.,questionnaire-report-identity-order.txt;questionnaire-report-real-preview.txt;questionnaire-report-kpi4-n1.png;report-real-answer-success.png
SV26-0399,PASS,4c0017fd2cb42102c53b89258162a16e58ea37ab,"Exact questionnaire route: identity-specific move, explicit Save, reload for each of six controls",Independently accepted normal move/persistence. Real public UI valid response43233e54; q3mean4/n1 verified in actual preview. API5eff compatible. No all-boundary/statistical-representativeness claim.,questionnaire-report-identity-order.txt;questionnaire-report-real-preview.txt;questionnaire-report-kpi4-n1.png;report-real-answer-success.png
SV26-0400,PASS,814dc05a36e1f2645b7528b9dacc0a344ec615ae,Add KPI; bind first question; copy; native move up/down; delete copied block,Fresh snapshot proves 3→2 blocks with original KPI retained,
SV26-0401,PASS,814dc05a36e1f2645b7528b9dacc0a344ec615ae,Each add button clicked; saved source36fc; actual reload and section selection,Nine exact types persisted: text/KPI/table/bar/radar/trend/gap/image/page; no data rendering claimed,template-nine-blocks-persisted.png;template-nine-blocks-persisted.txt
SV26-0402,PASS,4c0017fd2cb42102c53b89258162a16e58ea37ab,"Correct questionnaire route: configure true UI answer mappings, Save, reload, complete report preview","Independent review accepted: text body, KPI4/n1, tablechoice1/n1others0, radar444, trendUTC2026-10-03point4, gap current4/target5/difference1/n1. Specific synthetic sample only; no other control/all-boundary/general-population claims.",questionnaire-report-charts.txt;questionnaire-report-real-preview.txt;questionnaire-report-kpi4-n1.png;questionnaire-report-radar444.png;questionnaire-report-table1.png;questionnaire-report-trend4.png;questionnaire-report-gap1.png;report-real-answer-success.png
SV26-0403,PASS,4c0017fd2cb42102c53b89258162a16e58ea37ab,Actual copy and refresh configuration comparison; Save; saved; reload loaded; title order comparison,Independent review accepted normal persistence; 4 copied pairs fields match; originals preserved; not uniqueID/allparams/boundaries,questionnaire-chart-copy.txt;questionnaire-chart-copy-configs.txt;questionnaire-chart-controls-restored.png
SV26-0404,PASS,4c0017fd2cb42102c53b89258162a16e58ea37ab,Actual target block move; Save; saved state; reload; wait loaded; compare complete title order,Normal move persisted and original8 restored; independent review accepted; not copy/delete/all-boundary certification,questionnaire-chart-order.txt
SV26-0405,PASS,4c0017fd2cb42102c53b89258162a16e58ea37ab,Actual target block move; Save; saved state; reload; wait loaded; compare complete title order,Normal move persisted and original8 restored; independent review accepted; not copy/delete/all-boundary certification,questionnaire-chart-order.txt
SV26-0406,PASS,4c0017fd2cb42102c53b89258162a16e58ea37ab,Actual delete copied synthetic block; Save; saved; reload loaded; title order comparison,Independent review accepted normal persistence; 4 copied pairs fields match; originals preserved; not uniqueID/allparams/boundaries,questionnaire-chart-delete.txt;questionnaire-chart-controls-restored.png
SV26-0407,PASS,814dc05a36e1f2645b7528b9dacc0a344ec615ae,Each add button clicked; saved source36fc; actual reload and section selection,Nine exact types persisted: text/KPI/table/bar/radar/trend/gap/image/page; no data rendering claimed,template-nine-blocks-persisted.png;template-nine-blocks-persisted.txt
SV26-0408,NOT_STARTED,814dc05a36e1f2645b7528b9dacc0a344ec615ae,尚未真实执行：柱状图：配置并预览,不沿用旧SHA或单测结果；等待UI恢复和相应前置条件,
SV26-0409,NOT_STARTED,814dc05a36e1f2645b7528b9dacc0a344ec615ae,尚未真实执行：柱状图：复制,不沿用旧SHA或单测结果；等待UI恢复和相应前置条件,
SV26-0410,NOT_STARTED,814dc05a36e1f2645b7528b9dacc0a344ec615ae,尚未真实执行：柱状图：上移,不沿用旧SHA或单测结果；等待UI恢复和相应前置条件,
SV26-0411,NOT_STARTED,814dc05a36e1f2645b7528b9dacc0a344ec615ae,尚未真实执行：柱状图：下移,不沿用旧SHA或单测结果；等待UI恢复和相应前置条件,
SV26-0412,NOT_STARTED,814dc05a36e1f2645b7528b9dacc0a344ec615ae,尚未真实执行：柱状图：删除,不沿用旧SHA或单测结果；等待UI恢复和相应前置条件,
SV26-0413,PASS,814dc05a36e1f2645b7528b9dacc0a344ec615ae,Each add button clicked; saved source36fc; actual reload and section selection,Nine exact types persisted: text/KPI/table/bar/radar/trend/gap/image/page; no data rendering claimed,template-nine-blocks-persisted.png;template-nine-blocks-persisted.txt
SV26-0414,PASS,4c0017fd2cb42102c53b89258162a16e58ea37ab,"Correct questionnaire route: configure true UI answer mappings, Save, reload, complete report preview","Independent review accepted: text body, KPI4/n1, tablechoice1/n1others0, radar444, trendUTC2026-10-03point4, gap current4/target5/difference1/n1. Specific synthetic sample only; no other control/all-boundary/general-population claims.",questionnaire-report-charts.txt;questionnaire-report-real-preview.txt;questionnaire-report-kpi4-n1.png;questionnaire-report-radar444.png;questionnaire-report-table1.png;questionnaire-report-trend4.png;questionnaire-report-gap1.png;report-real-answer-success.png
SV26-0415,PASS,4c0017fd2cb42102c53b89258162a16e58ea37ab,Actual copy and refresh configuration comparison; Save; saved; reload loaded; title order comparison,Independent review accepted normal persistence; 4 copied pairs fields match; originals preserved; not uniqueID/allparams/boundaries,questionnaire-chart-copy.txt;questionnaire-chart-copy-configs.txt;questionnaire-chart-controls-restored.png
SV26-0416,PASS,4c0017fd2cb42102c53b89258162a16e58ea37ab,Actual target block move; Save; saved state; reload; wait loaded; compare complete title order,Normal move persisted and original8 restored; independent review accepted; not copy/delete/all-boundary certification,questionnaire-chart-order.txt
SV26-0417,PASS,4c0017fd2cb42102c53b89258162a16e58ea37ab,Actual target block move; Save; saved state; reload; wait loaded; compare complete title order,Normal move persisted and original8 restored; independent review accepted; not copy/delete/all-boundary certification,questionnaire-chart-order.txt
SV26-0418,PASS,4c0017fd2cb42102c53b89258162a16e58ea37ab,Actual delete copied synthetic block; Save; saved; reload loaded; title order comparison,Independent review accepted normal persistence; 4 copied pairs fields match; originals preserved; not uniqueID/allparams/boundaries,questionnaire-chart-delete.txt;questionnaire-chart-controls-restored.png
SV26-0419,PASS,814dc05a36e1f2645b7528b9dacc0a344ec615ae,Each add button clicked; saved source36fc; actual reload and section selection,Nine exact types persisted: text/KPI/table/bar/radar/trend/gap/image/page; no data rendering claimed,template-nine-blocks-persisted.png;template-nine-blocks-persisted.txt
SV26-0420,PASS,4c0017fd2cb42102c53b89258162a16e58ea37ab,"Correct questionnaire route: configure true UI answer mappings, Save, reload, complete report preview","Independent review accepted: text body, KPI4/n1, tablechoice1/n1others0, radar444, trendUTC2026-10-03point4, gap current4/target5/difference1/n1. Specific synthetic sample only; no other control/all-boundary/general-population claims.",questionnaire-report-charts.txt;questionnaire-report-real-preview.txt;questionnaire-report-kpi4-n1.png;questionnaire-report-radar444.png;questionnaire-report-table1.png;questionnaire-report-trend4.png;questionnaire-report-gap1.png;report-real-answer-success.png
SV26-0421,PASS,4c0017fd2cb42102c53b89258162a16e58ea37ab,Actual copy and refresh configuration comparison; Save; saved; reload loaded; title order comparison,Independent review accepted normal persistence; 4 copied pairs fields match; originals preserved; not uniqueID/allparams/boundaries,questionnaire-chart-copy.txt;questionnaire-chart-copy-configs.txt;questionnaire-chart-controls-restored.png
SV26-0422,PASS,4c0017fd2cb42102c53b89258162a16e58ea37ab,Actual target block move; Save; saved state; reload; wait loaded; compare complete title order,Normal move persisted and original8 restored; independent review accepted; not copy/delete/all-boundary certification,questionnaire-chart-order.txt
SV26-0423,PASS,4c0017fd2cb42102c53b89258162a16e58ea37ab,Actual target block move; Save; saved state; reload; wait loaded; compare complete title order,Normal move persisted and original8 restored; independent review accepted; not copy/delete/all-boundary certification,questionnaire-chart-order.txt
SV26-0424,PASS,4c0017fd2cb42102c53b89258162a16e58ea37ab,Actual delete copied synthetic block; Save; saved; reload loaded; title order comparison,Independent review accepted normal persistence; 4 copied pairs fields match; originals preserved; not uniqueID/allparams/boundaries,questionnaire-chart-delete.txt;questionnaire-chart-controls-restored.png
SV26-0425,PASS,814dc05a36e1f2645b7528b9dacc0a344ec615ae,Each add button clicked; saved source36fc; actual reload and section selection,Nine exact types persisted: text/KPI/table/bar/radar/trend/gap/image/page; no data rendering claimed,template-nine-blocks-persisted.png;template-nine-blocks-persisted.txt
SV26-0426,PASS,4c0017fd2cb42102c53b89258162a16e58ea37ab,"Correct questionnaire route: configure true UI answer mappings, Save, reload, complete report preview","Independent review accepted: text body, KPI4/n1, tablechoice1/n1others0, radar444, trendUTC2026-10-03point4, gap current4/target5/difference1/n1. Specific synthetic sample only; no other control/all-boundary/general-population claims.",questionnaire-report-charts.txt;questionnaire-report-real-preview.txt;questionnaire-report-kpi4-n1.png;questionnaire-report-radar444.png;questionnaire-report-table1.png;questionnaire-report-trend4.png;questionnaire-report-gap1.png;report-real-answer-success.png
SV26-0427,PASS,4c0017fd2cb42102c53b89258162a16e58ea37ab,Actual copy and refresh configuration comparison; Save; saved; reload loaded; title order comparison,Independent review accepted normal persistence; 4 copied pairs fields match; originals preserved; not uniqueID/allparams/boundaries,questionnaire-chart-copy.txt;questionnaire-chart-copy-configs.txt;questionnaire-chart-controls-restored.png
SV26-0428,PASS,4c0017fd2cb42102c53b89258162a16e58ea37ab,Actual target block move; Save; saved state; reload; wait loaded; compare complete title order,Normal move persisted and original8 restored; independent review accepted; not copy/delete/all-boundary certification,questionnaire-chart-order.txt
SV26-0429,PASS,4c0017fd2cb42102c53b89258162a16e58ea37ab,Actual target block move; Save; saved state; reload; wait loaded; compare complete title order,Normal move persisted and original8 restored; independent review accepted; not copy/delete/all-boundary certification,questionnaire-chart-order.txt
SV26-0430,PASS,4c0017fd2cb42102c53b89258162a16e58ea37ab,Actual delete copied synthetic block; Save; saved; reload loaded; title order comparison,Independent review accepted normal persistence; 4 copied pairs fields match; originals preserved; not uniqueID/allparams/boundaries,questionnaire-chart-delete.txt;questionnaire-chart-controls-restored.png
SV26-0431,PASS,814dc05a36e1f2645b7528b9dacc0a344ec615ae,Each add button clicked; saved source36fc; actual reload and section selection,Nine exact types persisted: text/KPI/table/bar/radar/trend/gap/image/page; no data rendering claimed,template-nine-blocks-persisted.png;template-nine-blocks-persisted.txt
SV26-0432,NOT_STARTED,814dc05a36e1f2645b7528b9dacc0a344ec615ae,尚未真实执行：图片：配置并预览,不沿用旧SHA或单测结果；等待UI恢复和相应前置条件,
SV26-0433,NOT_STARTED,814dc05a36e1f2645b7528b9dacc0a344ec615ae,尚未真实执行：图片：复制,不沿用旧SHA或单测结果；等待UI恢复和相应前置条件,
SV26-0434,NOT_STARTED,814dc05a36e1f2645b7528b9dacc0a344ec615ae,尚未真实执行：图片：上移,不沿用旧SHA或单测结果；等待UI恢复和相应前置条件,
SV26-0435,NOT_STARTED,814dc05a36e1f2645b7528b9dacc0a344ec615ae,尚未真实执行：图片：下移,不沿用旧SHA或单测结果；等待UI恢复和相应前置条件,
SV26-0436,NOT_STARTED,814dc05a36e1f2645b7528b9dacc0a344ec615ae,尚未真实执行：图片：删除,不沿用旧SHA或单测结果；等待UI恢复和相应前置条件,
SV26-0437,PASS,814dc05a36e1f2645b7528b9dacc0a344ec615ae,Each add button clicked; saved source36fc; actual reload and section selection,Nine exact types persisted: text/KPI/table/bar/radar/trend/gap/image/page; no data rendering claimed,template-nine-blocks-persisted.png;template-nine-blocks-persisted.txt
SV26-0438,NOT_STARTED,814dc05a36e1f2645b7528b9dacc0a344ec615ae,Page-break editor added and saved; preview shown,Current captured article lacks visible pagination identity; require explicit break-layout evidence before PASS,
SV26-0439,PASS,4c0017fd2cb42102c53b89258162a16e58ea37ab,Actual page block move/copy/delete; Save/reload compare visible types/title sequence/count; restore original8,Main independent ACCEPTb6c20ef: visible type/count/order persisted; no blockUUID identity/PDF pagination claim; delete tooltimeout disclosed and actualDOMchecked,questionnaire-page-controls.txt;questionnaire-page-restored.png
SV26-0440,PASS,4c0017fd2cb42102c53b89258162a16e58ea37ab,Actual page block move/copy/delete; Save/reload compare visible types/title sequence/count; restore original8,Main independent ACCEPTb6c20ef: visible type/count/order persisted; no blockUUID identity/PDF pagination claim; delete tooltimeout disclosed and actualDOMchecked,questionnaire-page-controls.txt;questionnaire-page-restored.png
SV26-0441,PASS,4c0017fd2cb42102c53b89258162a16e58ea37ab,Actual page block move/copy/delete; Save/reload compare visible types/title sequence/count; restore original8,Main independent ACCEPTb6c20ef: visible type/count/order persisted; no blockUUID identity/PDF pagination claim; delete tooltimeout disclosed and actualDOMchecked,questionnaire-page-controls.txt;questionnaire-page-restored.png
SV26-0442,PASS,4c0017fd2cb42102c53b89258162a16e58ea37ab,Actual page block move/copy/delete; Save/reload compare visible types/title sequence/count; restore original8,Main independent ACCEPTb6c20ef: visible type/count/order persisted; no blockUUID identity/PDF pagination claim; delete tooltimeout disclosed and actualDOMchecked,questionnaire-page-controls.txt;questionnaire-page-restored.png
SV26-0345,NOT_AVAILABLE,814dc05a36e1f2645b7528b9dacc0a344ec615ae,Actual main design page + more menu observed on ae22 sample,Current main menu exposes only保存为问卷模板; no use-question-template chooser/apply/mapping/replacement controls; library create-from-template is separate existing capability,template-unbind-main-design-error.png
SV26-0346,NOT_AVAILABLE,814dc05a36e1f2645b7528b9dacc0a344ec615ae,Actual main design page + more menu observed on ae22 sample,Current main menu exposes only保存为问卷模板; no use-question-template chooser/apply/mapping/replacement controls; library create-from-template is separate existing capability,template-unbind-main-design-error.png
SV26-0347,NOT_AVAILABLE,814dc05a36e1f2645b7528b9dacc0a344ec615ae,Actual main design page + more menu observed on ae22 sample,Current main menu exposes only保存为问卷模板; no use-question-template chooser/apply/mapping/replacement controls; library create-from-template is separate existing capability,template-unbind-main-design-error.png
SV26-0348,NOT_AVAILABLE,814dc05a36e1f2645b7528b9dacc0a344ec615ae,Actual main design page + more menu observed on ae22 sample,Current main menu exposes only保存为问卷模板; no use-question-template chooser/apply/mapping/replacement controls; library create-from-template is separate existing capability,template-unbind-main-design-error.png
SV26-0349,NOT_AVAILABLE,814dc05a36e1f2645b7528b9dacc0a344ec615ae,Actual main design page + more menu observed on ae22 sample,Current main menu exposes only保存为问卷模板; no use-question-template chooser/apply/mapping/replacement controls; library create-from-template is separate existing capability,template-unbind-main-design-error.png
